File,Function,LOC,SLOC-P,SLOC-L,MVG,BLOC,C&SLOC,CLOC,CWORD
C:\__PR00F__\___developing___\projects\PRooFPS-dd\PRooFPS-dd\CameraHandling.cpp,proofps_dd::CameraHandling::cameraInitForGameStart(),6,5,5,0,0,0,1,15,
C:\__PR00F__\___developing___\projects\PRooFPS-dd\PRooFPS-dd\CameraHandling.cpp,proofps_dd::CameraHandling::cameraPositionToMapCenter(),11,10,4,0,1,0,0,0,
C:\__PR00F__\___developing___\projects\PRooFPS-dd\PRooFPS-dd\CameraHandling.cpp,"proofps_dd::CameraHandling::cameraUpdatePosAndAngle( const Player& player, const XHair& xhair, const float& fFps, bool bCamFollowsXHair, bool bCamTiltingAllowed, bool bCamRollAllowed)",21,13,11,1,7,0,1,13,
C:\__PR00F__\___developing___\projects\PRooFPS-dd\PRooFPS-dd\CameraHandling.cpp,proofps_dd::CameraHandling::cameraGetShakeForce(),2,2,2,1,0,0,0,0,
C:\__PR00F__\___developing___\projects\PRooFPS-dd\PRooFPS-dd\CameraHandling.cpp,proofps_dd::CameraHandling::cameraSmoothShakeForceTowardsZero(const float& fFps),20,20,12,4,0,1,0,8,
C:\__PR00F__\___developing___\projects\PRooFPS-dd\PRooFPS-dd\CameraHandling.cpp,proofps_dd::CameraHandling::cameraUpdateShakeFactorXY(const float& fFps),19,17,13,2,2,1,0,7,
C:\__PR00F__\___developing___\projects\PRooFPS-dd\PRooFPS-dd\CameraHandling.cpp,"proofps_dd::CameraHandling::cameraUpdatePosAndAngleWhenPlayerIsSomersaulting(PureCamera& cam, const Player& player)",16,15,8,0,1,0,0,0,
C:\__PR00F__\___developing___\projects\PRooFPS-dd\PRooFPS-dd\CameraHandling.cpp,"proofps_dd::CameraHandling::cameraUpdatePosAndAngleWhenPlayerIsInNormalSituation( PureCamera& cam, const Player& player, const XHair& xhair, const float& fFps, bool bCamFollowsXHair, bool bCamTiltingAllowed)",89,75,26,1,11,0,3,62,
C:\__PR00F__\___developing___\projects\PRooFPS-dd\PRooFPS-dd\Config.cpp,"proofps_dd::Config::getConfigInstance(PGE& pge, proofps_dd::Maps& maps)",7,3,3,1,0,0,4,56,
C:\__PR00F__\___developing___\projects\PRooFPS-dd\PRooFPS-dd\Config.cpp,proofps_dd::Config::getLoggerModuleName(),2,2,2,1,0,0,0,0,
C:\__PR00F__\___developing___\projects\PRooFPS-dd\PRooFPS-dd\Config.cpp,proofps_dd::Config::getConsole(),2,2,2,1,0,0,0,0,
C:\__PR00F__\___developing___\projects\PRooFPS-dd\PRooFPS-dd\Config.cpp,proofps_dd::Config::validate(),283,254,135,23,20,2,9,126,
C:\__PR00F__\___developing___\projects\PRooFPS-dd\PRooFPS-dd\Config.cpp,proofps_dd::Config::getTickRate() const,2,2,2,1,0,0,0,0,
C:\__PR00F__\___developing___\projects\PRooFPS-dd\PRooFPS-dd\Config.cpp,proofps_dd::Config::getPhysicsRate() const,2,2,2,1,0,0,0,0,
C:\__PR00F__\___developing___\projects\PRooFPS-dd\PRooFPS-dd\Config.cpp,proofps_dd::Config::getClientUpdateRate() const,2,2,2,1,0,0,0,0,
C:\__PR00F__\___developing___\projects\PRooFPS-dd\PRooFPS-dd\Config.cpp,proofps_dd::Config::getSomersaultMidAirJumpForceMultiplier() const,2,2,2,1,0,0,0,0,
C:\__PR00F__\___developing___\projects\PRooFPS-dd\PRooFPS-dd\Config.cpp,proofps_dd::Config::getReconnectDelaySeconds() const,2,2,2,1,0,0,0,0,
C:\__PR00F__\___developing___\projects\PRooFPS-dd\PRooFPS-dd\Config.cpp,proofps_dd::Config::getCameraFollowsPlayerAndXHair() const,2,2,2,1,0,0,0,0,
C:\__PR00F__\___developing___\projects\PRooFPS-dd\PRooFPS-dd\Config.cpp,proofps_dd::Config::getCameraTilting() const,2,2,2,1,0,0,0,0,
C:\__PR00F__\___developing___\projects\PRooFPS-dd\PRooFPS-dd\Config.cpp,proofps_dd::Config::getCameraRolling() const,2,2,2,1,0,0,0,0,
C:\__PR00F__\___developing___\projects\PRooFPS-dd\PRooFPS-dd\Config.cpp,proofps_dd::Config::getPlayerRespawnDelaySeconds() const,2,2,2,1,0,0,0,0,
C:\__PR00F__\___developing___\projects\PRooFPS-dd\PRooFPS-dd\Config.cpp,proofps_dd::Config::getPlayerRespawnInvulnerabilityDelaySeconds() const,2,2,2,1,0,0,0,0,
C:\__PR00F__\___developing___\projects\PRooFPS-dd\PRooFPS-dd\Config.cpp,"proofps_dd::Config::clientHandleServerInfoFromServer( pge_network::PgeNetworkConnectionHandle , const proofps_dd::MsgServerInfoFromServer& msgServerInfo, proofps_dd::GameMode& gameMode)",46,36,32,5,7,0,3,52,
C:\__PR00F__\___developing___\projects\PRooFPS-dd\PRooFPS-dd\Config.cpp,"proofps_dd::Config::serverSaveServerInfo( const unsigned int& nMaxFps, const unsigned int& nTickrate, const unsigned int& nPhysicsRateMin, const unsigned int& nClientUpdateRate, const GameModeType& iGameModeType, const unsigned int& nFragLimit, const unsigned int& nTimeLimitSecs, const unsigned int& nRespawnTimeSecs, const unsigned int& nRespawnInvulnerabilityTimeSecs)",29,24,24,0,5,0,0,0,
C:\__PR00F__\___developing___\projects\PRooFPS-dd\PRooFPS-dd\Config.cpp,proofps_dd::Config::getServerInfo() const,2,2,2,1,0,0,0,0,
C:\__PR00F__\___developing___\projects\PRooFPS-dd\PRooFPS-dd\Config.cpp,proofps_dd::Config::isServerInfoReceived() const,2,2,2,1,0,0,0,0,
C:\__PR00F__\___developing___\projects\PRooFPS-dd\PRooFPS-dd\Config.cpp,proofps_dd::Config::setServerInfoNotReceived(),2,2,2,0,0,0,0,0,
C:\__PR00F__\___developing___\projects\PRooFPS-dd\PRooFPS-dd\Config.cpp,proofps_dd::Config::~Config(),1,1,1,0,0,0,0,0,
C:\__PR00F__\___developing___\projects\PRooFPS-dd\PRooFPS-dd\DeathKillEventLister.cpp,proofps_dd::DeathKillEventLister::getLoggerModuleName(),2,2,2,1,0,0,0,0,
C:\__PR00F__\___developing___\projects\PRooFPS-dd\PRooFPS-dd\DeathKillEventLister.cpp,proofps_dd::DeathKillEventLister::getConsole() const,2,2,2,1,0,0,0,0,
C:\__PR00F__\___developing___\projects\PRooFPS-dd\PRooFPS-dd\DeathKillEventLister.cpp,proofps_dd::DeathKillEventLister::DeathKillEventLister( PR00FsUltimateRenderingEngine& gfx),2,1,1,0,1,0,0,0,
C:\__PR00F__\___developing___\projects\PRooFPS-dd\PRooFPS-dd\DeathKillEventLister.cpp,"proofps_dd::DeathKillEventLister::addDeathKillEvent(const std::string& sKiller, const std::string& sKilled)",9,9,5,1,0,0,0,0,
C:\__PR00F__\___developing___\projects\PRooFPS-dd\PRooFPS-dd\EventLister.cpp,proofps_dd::EventLister::getLoggerModuleName(),2,2,2,1,0,0,0,0,
C:\__PR00F__\___developing___\projects\PRooFPS-dd\PRooFPS-dd\EventLister.cpp,proofps_dd::EventLister::getConsole() const,2,2,2,1,0,0,0,0,
C:\__PR00F__\___developing___\projects\PRooFPS-dd\PRooFPS-dd\EventLister.cpp,"proofps_dd::EventLister::EventLister( PR00FsUltimateRenderingEngine& gfx, const unsigned int& nEventTimeLimitSecs, const size_t& nEventCountLimit)",1,1,1,0,0,0,0,0,
C:\__PR00F__\___developing___\projects\PRooFPS-dd\PRooFPS-dd\EventLister.cpp,proofps_dd::EventLister::getEventTimeLimitSecs() const,2,2,2,1,0,0,0,0,
C:\__PR00F__\___developing___\projects\PRooFPS-dd\PRooFPS-dd\EventLister.cpp,proofps_dd::EventLister::getEventCountLimit() const,2,2,2,1,0,0,0,0,
C:\__PR00F__\___developing___\projects\PRooFPS-dd\PRooFPS-dd\EventLister.cpp,proofps_dd::EventLister::show(),2,2,2,0,0,0,0,0,
C:\__PR00F__\___developing___\projects\PRooFPS-dd\PRooFPS-dd\EventLister.cpp,proofps_dd::EventLister::hide(),2,2,2,0,0,0,0,0,
C:\__PR00F__\___developing___\projects\PRooFPS-dd\PRooFPS-dd\EventLister.cpp,proofps_dd::EventLister::visible() const,2,2,2,1,0,0,0,0,
C:\__PR00F__\___developing___\projects\PRooFPS-dd\PRooFPS-dd\EventLister.cpp,proofps_dd::EventLister::update(),16,13,7,2,1,0,2,10,
C:\__PR00F__\___developing___\projects\PRooFPS-dd\PRooFPS-dd\EventLister.cpp,proofps_dd::EventLister::addEvent(const std::string& sEvent),8,7,5,1,1,0,0,0,
C:\__PR00F__\___developing___\projects\PRooFPS-dd\PRooFPS-dd\EventLister.cpp,proofps_dd::EventLister::clear(),2,2,2,0,0,0,0,0,
C:\__PR00F__\___developing___\projects\PRooFPS-dd\PRooFPS-dd\EventLister.cpp,proofps_dd::EventLister::getEvents() const,2,2,2,1,0,0,0,0,
C:\__PR00F__\___developing___\projects\PRooFPS-dd\PRooFPS-dd\Explosion.cpp,proofps_dd::Explosion::getLoggerModuleName(),2,2,2,1,0,0,0,0,
C:\__PR00F__\___developing___\projects\PRooFPS-dd\PRooFPS-dd\Explosion.cpp,proofps_dd::Explosion::getGlobalExplosionId(),2,2,2,1,0,0,0,0,
C:\__PR00F__\___developing___\projects\PRooFPS-dd\PRooFPS-dd\Explosion.cpp,proofps_dd::Explosion::resetGlobalExplosionId(),2,2,2,0,0,0,0,0,
C:\__PR00F__\___developing___\projects\PRooFPS-dd\PRooFPS-dd\Explosion.cpp,proofps_dd::Explosion::initExplosionsReference(PGE& pge),22,16,12,5,3,0,3,51,
C:\__PR00F__\___developing___\projects\PRooFPS-dd\PRooFPS-dd\Explosion.cpp,proofps_dd::Explosion::destroyExplosionsReference(),6,6,4,1,0,1,0,4,
C:\__PR00F__\___developing___\projects\PRooFPS-dd\PRooFPS-dd\Explosion.cpp,"proofps_dd::Explosion::Explosion( PR00FsUltimateRenderingEngine& gfx, const pge_network::PgeNetworkConnectionHandle& connHandle, const PureVector& pos, const TPureFloat& fDamageAreaSize)",9,7,7,0,1,0,1,6,
C:\__PR00F__\___developing___\projects\PRooFPS-dd\PRooFPS-dd\Explosion.cpp,"proofps_dd::Explosion::Explosion( PR00FsUltimateRenderingEngine& gfx, const Explosion::ExplosionId& id, const pge_network::PgeNetworkConnectionHandle& connHandle, const PureVector& pos, const TPureFloat& fDamageAreaSize)",9,7,7,0,1,0,1,6,
C:\__PR00F__\___developing___\projects\PRooFPS-dd\PRooFPS-dd\Explosion.cpp,proofps_dd::Explosion::Explosion(const proofps_dd::Explosion& other),25,23,15,2,1,0,1,6,
C:\__PR00F__\___developing___\projects\PRooFPS-dd\PRooFPS-dd\Explosion.cpp,proofps_dd::Explosion::operator=(const proofps_dd::Explosion& other),35,31,23,3,3,0,1,6,
C:\__PR00F__\___developing___\projects\PRooFPS-dd\PRooFPS-dd\Explosion.cpp,proofps_dd::Explosion::~Explosion(),9,9,5,2,0,0,0,0,
C:\__PR00F__\___developing___\projects\PRooFPS-dd\PRooFPS-dd\Explosion.cpp,proofps_dd::Explosion::getConsole() const,2,2,2,1,0,0,0,0,
C:\__PR00F__\___developing___\projects\PRooFPS-dd\PRooFPS-dd\Explosion.cpp,proofps_dd::Explosion::getId() const,2,2,2,1,0,0,0,0,
C:\__PR00F__\___developing___\projects\PRooFPS-dd\PRooFPS-dd\Explosion.cpp,proofps_dd::Explosion::getOwner() const,2,2,2,1,0,0,0,0,
C:\__PR00F__\___developing___\projects\PRooFPS-dd\PRooFPS-dd\Explosion.cpp,proofps_dd::Explosion::isCreateSentToClients(),2,2,2,1,0,0,0,0,
C:\__PR00F__\___developing___\projects\PRooFPS-dd\PRooFPS-dd\Explosion.cpp,proofps_dd::Explosion::update(const unsigned int& nFactor),57,43,27,6,5,0,9,113,
C:\__PR00F__\___developing___\projects\PRooFPS-dd\PRooFPS-dd\Explosion.cpp,proofps_dd::Explosion::getPrimaryObject3D(),2,2,2,1,0,0,0,0,
C:\__PR00F__\___developing___\projects\PRooFPS-dd\PRooFPS-dd\Explosion.cpp,proofps_dd::Explosion::getPrimaryObject3D() const,2,2,2,1,0,0,0,0,
C:\__PR00F__\___developing___\projects\PRooFPS-dd\PRooFPS-dd\Explosion.cpp,proofps_dd::Explosion::getSecondaryObject3D(),2,2,2,1,0,0,0,0,
C:\__PR00F__\___developing___\projects\PRooFPS-dd\PRooFPS-dd\Explosion.cpp,proofps_dd::Explosion::getSecondaryObject3D() const,2,2,2,1,0,0,0,0,
C:\__PR00F__\___developing___\projects\PRooFPS-dd\PRooFPS-dd\Explosion.cpp,proofps_dd::Explosion::getDamageAreaSize() const,2,2,2,1,0,0,0,0,
C:\__PR00F__\___developing___\projects\PRooFPS-dd\PRooFPS-dd\Explosion.cpp,"proofps_dd::Explosion::getDamageAtDistance( const float& fDistance, const int& nDamageHp) const",7,4,4,1,1,0,2,13,
C:\__PR00F__\___developing___\projects\PRooFPS-dd\PRooFPS-dd\Explosion.cpp,proofps_dd::Explosion::shouldBeDeleted() const,2,2,2,1,0,0,0,0,
C:\__PR00F__\___developing___\projects\PRooFPS-dd\PRooFPS-dd\GameMode.cpp,proofps_dd::GameMode::getLoggerModuleName(),2,2,2,1,0,0,0,0,
C:\__PR00F__\___developing___\projects\PRooFPS-dd\PRooFPS-dd\GameMode.cpp,proofps_dd::GameMode::createGameMode(proofps_dd::GameModeType gm),8,6,4,3,1,0,1,8,
C:\__PR00F__\___developing___\projects\PRooFPS-dd\PRooFPS-dd\GameMode.cpp,proofps_dd::GameMode::getConsole() const,2,2,2,1,0,0,0,0,
C:\__PR00F__\___developing___\projects\PRooFPS-dd\PRooFPS-dd\GameMode.cpp,proofps_dd::GameMode::~GameMode(),1,1,1,0,0,0,0,0,
C:\__PR00F__\___developing___\projects\PRooFPS-dd\PRooFPS-dd\GameMode.cpp,proofps_dd::GameMode::getGameModeType() const,2,2,2,1,0,0,0,0,
C:\__PR00F__\___developing___\projects\PRooFPS-dd\PRooFPS-dd\GameMode.cpp,proofps_dd::GameMode::getResetTime() const,2,2,2,1,0,0,0,0,
C:\__PR00F__\___developing___\projects\PRooFPS-dd\PRooFPS-dd\GameMode.cpp,proofps_dd::GameMode::restart(pge_network::PgeINetwork& network),4,3,3,0,0,0,1,4,
C:\__PR00F__\___developing___\projects\PRooFPS-dd\PRooFPS-dd\GameMode.cpp,proofps_dd::GameMode::restartWithoutRemovingPlayers(pge_network::PgeINetwork& network),15,13,9,2,1,1,1,8,
C:\__PR00F__\___developing___\projects\PRooFPS-dd\PRooFPS-dd\GameMode.cpp,proofps_dd::GameMode::isGameWon() const,2,2,2,1,0,0,0,0,
C:\__PR00F__\___developing___\projects\PRooFPS-dd\PRooFPS-dd\GameMode.cpp,proofps_dd::GameMode::getWinTime() const,2,2,2,1,0,0,0,0,
C:\__PR00F__\___developing___\projects\PRooFPS-dd\PRooFPS-dd\GameMode.cpp,proofps_dd::GameMode::getFragTable() const,2,2,2,1,0,0,0,0,
C:\__PR00F__\___developing___\projects\PRooFPS-dd\PRooFPS-dd\GameMode.cpp,"proofps_dd::GameMode::renamePlayer(const std::string& sOldName, const std::string& sNewName)",29,23,13,8,4,2,2,28,
C:\__PR00F__\___developing___\projects\PRooFPS-dd\PRooFPS-dd\GameMode.cpp,"proofps_dd::GameMode::text(PR00FsUltimateRenderingEngine& pure, const std::string& s, int x, int y) const",2,2,2,0,0,0,0,0,
C:\__PR00F__\___developing___\projects\PRooFPS-dd\PRooFPS-dd\GameMode.cpp,"proofps_dd::GameMode::serverSendGameSessionStateToClient(pge_network::PgeINetwork& network, const pge_network::PgeNetworkConnectionHandle& connHandle)",14,13,9,3,1,0,0,0,
C:\__PR00F__\___developing___\projects\PRooFPS-dd\PRooFPS-dd\GameMode.cpp,proofps_dd::GameMode::serverSendGameSessionStateToClients(pge_network::PgeINetwork& network),14,13,9,3,1,0,0,0,
C:\__PR00F__\___developing___\projects\PRooFPS-dd\PRooFPS-dd\GameMode.cpp,proofps_dd::DeathMatchMode::~DeathMatchMode(),1,1,1,0,0,0,0,0,
C:\__PR00F__\___developing___\projects\PRooFPS-dd\PRooFPS-dd\GameMode.cpp,"proofps_dd::DeathMatchMode::fetchConfig(PGEcfgProfiles& cfgProfiles, pge_network::PgeINetwork& )",4,3,3,0,0,0,1,15,
C:\__PR00F__\___developing___\projects\PRooFPS-dd\PRooFPS-dd\GameMode.cpp,proofps_dd::DeathMatchMode::serverCheckAndUpdateWinningConditions(pge_network::PgeINetwork& network),33,27,17,9,4,0,2,19,
C:\__PR00F__\___developing___\projects\PRooFPS-dd\PRooFPS-dd\GameMode.cpp,"proofps_dd::DeathMatchMode::clientReceiveAndUpdateWinningConditions(pge_network::PgeINetwork& network, bool bGameSessionWon)",14,11,7,1,2,0,1,9,
C:\__PR00F__\___developing___\projects\PRooFPS-dd\PRooFPS-dd\GameMode.cpp,proofps_dd::DeathMatchMode::getTimeLimitSecs() const,2,2,2,1,0,0,0,0,
C:\__PR00F__\___developing___\projects\PRooFPS-dd\PRooFPS-dd\GameMode.cpp,proofps_dd::DeathMatchMode::setTimeLimitSecs(unsigned int secs),2,2,2,0,0,0,0,0,
C:\__PR00F__\___developing___\projects\PRooFPS-dd\PRooFPS-dd\GameMode.cpp,proofps_dd::DeathMatchMode::getTimeRemainingMillisecs() const,16,13,8,5,3,0,0,0,
C:\__PR00F__\___developing___\projects\PRooFPS-dd\PRooFPS-dd\GameMode.cpp,"proofps_dd::DeathMatchMode::clientUpdateTimeRemainingMillisecs(const unsigned int& nRemMillisecs, pge_network::PgeINetwork& network)",11,8,6,1,2,0,1,8,
C:\__PR00F__\___developing___\projects\PRooFPS-dd\PRooFPS-dd\GameMode.cpp,proofps_dd::DeathMatchMode::getFragLimit() const,2,2,2,1,0,0,0,0,
C:\__PR00F__\___developing___\projects\PRooFPS-dd\PRooFPS-dd\GameMode.cpp,proofps_dd::DeathMatchMode::setFragLimit(unsigned int limit),2,2,2,0,0,0,0,0,
C:\__PR00F__\___developing___\projects\PRooFPS-dd\PRooFPS-dd\GameMode.cpp,"proofps_dd::DeathMatchMode::addPlayer(const Player& player, pge_network::PgeINetwork& network)",40,33,19,7,4,1,3,87,
C:\__PR00F__\___developing___\projects\PRooFPS-dd\PRooFPS-dd\GameMode.cpp,"proofps_dd::DeathMatchMode::updatePlayer(const Player& player, pge_network::PgeINetwork& network)",54,42,22,12,6,1,6,108,
C:\__PR00F__\___developing___\projects\PRooFPS-dd\PRooFPS-dd\GameMode.cpp,proofps_dd::DeathMatchMode::removePlayer(const Player& player),14,11,7,3,2,0,1,9,
C:\__PR00F__\___developing___\projects\PRooFPS-dd\PRooFPS-dd\GameMode.cpp,"proofps_dd::DeathMatchMode::comparePlayers(int p1frags, int p2frags, int p1deaths, int p2deaths)",9,9,5,3,0,0,0,0,
C:\__PR00F__\___developing___\projects\PRooFPS-dd\PRooFPS-dd\GUI.cpp,"proofps_dd::GUI::getGuiInstance( PGE& pge, proofps_dd::Config& config, proofps_dd::Maps& maps, proofps_dd::Networking& networking, std::map<pge_network::PgeNetworkConnectionHandle, proofps_dd::Player>& mapPlayers)",12,8,8,1,0,0,4,58,
C:\__PR00F__\___developing___\projects\PRooFPS-dd\PRooFPS-dd\GUI.cpp,proofps_dd::GUI::getLoggerModuleName(),2,2,2,1,0,0,0,0,
C:\__PR00F__\___developing___\projects\PRooFPS-dd\PRooFPS-dd\GUI.cpp,proofps_dd::GUI::getConsole(),2,2,2,1,0,0,0,0,
C:\__PR00F__\___developing___\projects\PRooFPS-dd\PRooFPS-dd\GUI.cpp,proofps_dd::GUI::initialize(),139,100,91,1,11,4,28,263,
C:\__PR00F__\___developing___\projects\PRooFPS-dd\PRooFPS-dd\GUI.cpp,proofps_dd::GUI::shutdown(),24,19,13,3,4,0,1,13,
C:\__PR00F__\___developing___\projects\PRooFPS-dd\PRooFPS-dd\GUI.cpp,proofps_dd::GUI::getMenuState() const,2,2,2,1,0,0,0,0,
C:\__PR00F__\___developing___\projects\PRooFPS-dd\PRooFPS-dd\GUI.cpp,proofps_dd::GUI::resetMenuState(bool bExitingFromGameSession),27,27,15,3,0,0,0,0,
C:\__PR00F__\___developing___\projects\PRooFPS-dd\PRooFPS-dd\GUI.cpp,"proofps_dd::GUI::showLoadingScreen(int nProgress, const std::string& sMapFilename)",11,11,4,1,0,0,0,0,
C:\__PR00F__\___developing___\projects\PRooFPS-dd\PRooFPS-dd\GUI.cpp,proofps_dd::GUI::hideLoadingScreen(),2,2,2,0,0,0,0,0,
C:\__PR00F__\___developing___\projects\PRooFPS-dd\PRooFPS-dd\GUI.cpp,proofps_dd::GUI::showBgWithLogo(),8,8,6,3,0,0,0,0,
C:\__PR00F__\___developing___\projects\PRooFPS-dd\PRooFPS-dd\GUI.cpp,proofps_dd::GUI::hideBgWithLogo(),8,8,6,3,0,0,0,0,
C:\__PR00F__\___developing___\projects\PRooFPS-dd\PRooFPS-dd\GUI.cpp,proofps_dd::GUI::getXHair(),2,2,2,1,0,0,0,0,
C:\__PR00F__\___developing___\projects\PRooFPS-dd\PRooFPS-dd\GUI.cpp,proofps_dd::GUI::getMinimap(),2,2,2,1,0,0,0,0,
C:\__PR00F__\___developing___\projects\PRooFPS-dd\PRooFPS-dd\GUI.cpp,proofps_dd::GUI::getDeathKillEvents(),2,2,2,1,0,0,0,0,
C:\__PR00F__\___developing___\projects\PRooFPS-dd\PRooFPS-dd\GUI.cpp,proofps_dd::GUI::showGameObjectives(),2,2,2,0,0,0,0,0,
C:\__PR00F__\___developing___\projects\PRooFPS-dd\PRooFPS-dd\GUI.cpp,proofps_dd::GUI::hideGameObjectives(),2,2,2,0,0,0,0,0,
C:\__PR00F__\___developing___\projects\PRooFPS-dd\PRooFPS-dd\GUI.cpp,proofps_dd::GUI::showAndLoopGameInfoPages(),8,6,4,1,1,0,1,6,
C:\__PR00F__\___developing___\projects\PRooFPS-dd\PRooFPS-dd\GUI.cpp,"proofps_dd::GUI::textForNextFrame(const std::string& s, int nPureX, int nPureY) const",2,2,2,0,0,0,0,0,
C:\__PR00F__\___developing___\projects\PRooFPS-dd\PRooFPS-dd\GUI.cpp,"proofps_dd::GUI::textPermanent(const std::string& s, int nPureX, int nPureY) const",2,2,2,0,0,0,0,0,
C:\__PR00F__\___developing___\projects\PRooFPS-dd\PRooFPS-dd\GUI.cpp,proofps_dd::GUI::showRespawnTimer( const Player* const pKillerPlayer),18,16,12,2,2,0,0,0,
C:\__PR00F__\___developing___\projects\PRooFPS-dd\PRooFPS-dd\GUI.cpp,proofps_dd::GUI::hideRespawnTimer(),4,4,4,0,0,0,0,0,
C:\__PR00F__\___developing___\projects\PRooFPS-dd\PRooFPS-dd\GUI.cpp,proofps_dd::GUI::setGameModeInstance(proofps_dd::GameMode& gm),2,2,2,0,0,0,0,0,
C:\__PR00F__\___developing___\projects\PRooFPS-dd\PRooFPS-dd\GUI.cpp,"proofps_dd::GUI::addHintToItemByCVar(std::string& sHint, const PGEcfgVariable& cvar)",34,19,11,4,1,0,14,63,
C:\__PR00F__\___developing___\projects\PRooFPS-dd\PRooFPS-dd\GUI.cpp,"proofps_dd::GUI::calcContentStartY(const float& fContentHeight, const float& fRemainingSpaceY)",5,5,3,1,0,0,0,0,
C:\__PR00F__\___developing___\projects\PRooFPS-dd\PRooFPS-dd\GUI.cpp,proofps_dd::GUI::drawMainMenu(const float& fRemainingSpaceY),43,34,26,4,7,1,2,35,
C:\__PR00F__\___developing___\projects\PRooFPS-dd\PRooFPS-dd\GUI.cpp,proofps_dd::GUI::drawPlayerNameInputBox(),25,21,15,2,4,1,0,10,
C:\__PR00F__\___developing___\projects\PRooFPS-dd\PRooFPS-dd\GUI.cpp,proofps_dd::GUI::drawCreateGameMenu(const float& fRemainingSpaceY),489,396,265,46,56,24,37,664,
C:\__PR00F__\___developing___\projects\PRooFPS-dd\PRooFPS-dd\GUI.cpp,filterIPv4AddressCb(ImGuiInputTextCallbackData* data),6,6,4,3,0,0,0,0,
C:\__PR00F__\___developing___\projects\PRooFPS-dd\PRooFPS-dd\GUI.cpp,isValidIPv4(const char* IPAddress),9,7,5,3,0,0,2,29,
C:\__PR00F__\___developing___\projects\PRooFPS-dd\PRooFPS-dd\GUI.cpp,proofps_dd::GUI::drawJoinGameMenu(const float& fRemainingSpaceY),78,66,44,9,11,1,1,27,
C:\__PR00F__\___developing___\projects\PRooFPS-dd\PRooFPS-dd\GUI.cpp,proofps_dd::GUI::drawSettingsMenu(const float& fRemainingSpaceY),184,155,118,18,19,8,10,216,
C:\__PR00F__\___developing___\projects\PRooFPS-dd\PRooFPS-dd\GUI.cpp,proofps_dd::GUI::drawWindowForMainMenu(),38,30,21,6,3,1,5,66,
C:\__PR00F__\___developing___\projects\PRooFPS-dd\PRooFPS-dd\GUI.cpp,proofps_dd::GUI::drawDearImGuiCb(),46,31,24,2,12,2,3,53,
C:\__PR00F__\___developing___\projects\PRooFPS-dd\PRooFPS-dd\GUI.cpp,proofps_dd::GUI::drawRespawnTimer(),58,42,24,4,10,0,6,80,
C:\__PR00F__\___developing___\projects\PRooFPS-dd\PRooFPS-dd\GUI.cpp,proofps_dd::GUI::drawXHairHoverText(),13,11,5,1,2,1,0,4,
C:\__PR00F__\___developing___\projects\PRooFPS-dd\PRooFPS-dd\GUI.cpp,proofps_dd::GUI::updateXHair(),7,4,4,0,1,1,2,45,
C:\__PR00F__\___developing___\projects\PRooFPS-dd\PRooFPS-dd\GUI.cpp,proofps_dd::GUI::drawCurrentPlayerInfo(const proofps_dd::Player& player),51,42,18,4,6,3,3,86,
C:\__PR00F__\___developing___\projects\PRooFPS-dd\PRooFPS-dd\GUI.cpp,proofps_dd::GUI::updateDeathKillEvents(),16,12,7,1,3,1,1,38,
C:\__PR00F__\___developing___\projects\PRooFPS-dd\PRooFPS-dd\GUI.cpp,"proofps_dd::GUI::calculatePlayerNameColWidthAndTableWidthPixels( float& fTableWidthPixels, float& fPlayerNameColWidthPixels, float fPlayerNameColReqWidthPixels , const float& fTableColIndentPixels, const float& fColsTotalWidthAfterPlayerNameCol)",27,22,14,3,2,1,3,84,
C:\__PR00F__\___developing___\projects\PRooFPS-dd\PRooFPS-dd\GUI.cpp,"proofps_dd::GUI::drawGameObjectivesServer(const std::string& sTableCaption, const float& fStartPosY)",206,141,63,16,17,20,48,689,
C:\__PR00F__\___developing___\projects\PRooFPS-dd\PRooFPS-dd\GUI.cpp,"proofps_dd::GUI::drawGameObjectivesClient(const std::string& sTableCaption, const float& fStartPosY)",113,94,48,10,14,12,5,129,
C:\__PR00F__\___developing___\projects\PRooFPS-dd\PRooFPS-dd\GUI.cpp,proofps_dd::GUI::drawGameObjectives(),42,38,23,5,4,0,0,0,
C:\__PR00F__\___developing___\projects\PRooFPS-dd\PRooFPS-dd\GUI.cpp,proofps_dd::GUI::drawClientConnectionDebugInfo(float fThisRowY),44,35,20,0,9,0,0,0,
C:\__PR00F__\___developing___\projects\PRooFPS-dd\PRooFPS-dd\GUI.cpp,proofps_dd::GUI::drawGameServerConfig(),59,53,31,2,6,0,0,0,
C:\__PR00F__\___developing___\projects\PRooFPS-dd\PRooFPS-dd\GUI.cpp,proofps_dd::GUI::drawGameInfoPages(),16,14,7,4,0,0,2,2,
C:\__PR00F__\___developing___\projects\PRooFPS-dd\PRooFPS-dd\GUI.cpp,proofps_dd::GUI::getDearImGui2DposXFromPure2DposX(const float& fPureX),3,2,2,1,0,0,1,10,
C:\__PR00F__\___developing___\projects\PRooFPS-dd\PRooFPS-dd\GUI.cpp,proofps_dd::GUI::getDearImGui2DposYFromPure2DposY(const float& fPureY),3,2,2,1,0,0,1,10,
C:\__PR00F__\___developing___\projects\PRooFPS-dd\PRooFPS-dd\GUI.cpp,"proofps_dd::GUI::getDearImGui2DposXforCenteredText(const std::string& text, const float& fImGuiX)",2,2,2,1,0,0,0,0,
C:\__PR00F__\___developing___\projects\PRooFPS-dd\PRooFPS-dd\GUI.cpp,"proofps_dd::GUI::getDearImGui2DposXforRightAdjustedText(const std::string& text, const float& fImGuiX)",2,2,2,1,0,0,0,0,
C:\__PR00F__\___developing___\projects\PRooFPS-dd\PRooFPS-dd\GUI.cpp,proofps_dd::GUI::getDearImGui2DposXforTableCurrentCellCenteredText(const std::string& text),5,4,3,1,1,1,0,7,
C:\__PR00F__\___developing___\projects\PRooFPS-dd\PRooFPS-dd\GUI.cpp,proofps_dd::GUI::getDearImGui2DposXforTableCurrentCellRightAdjustedText(const std::string& text),5,4,3,1,1,1,0,7,
C:\__PR00F__\___developing___\projects\PRooFPS-dd\PRooFPS-dd\GUI.cpp,proofps_dd::GUI::getDearImGui2DposXforWindowCenteredText(const std::string& text),2,2,2,1,0,0,0,0,
C:\__PR00F__\___developing___\projects\PRooFPS-dd\PRooFPS-dd\GUI.cpp,"proofps_dd::GUI::drawText(const float& fImGuiX, const float& fImGuiY, const std::string& text)",3,3,3,0,0,0,0,0,
C:\__PR00F__\___developing___\projects\PRooFPS-dd\PRooFPS-dd\GUI.cpp,"proofps_dd::GUI::drawTextShadowed(const float& fImGuiX, const float& fImGuiY, const std::string& text)",8,6,6,0,0,0,2,25,
C:\__PR00F__\___developing___\projects\PRooFPS-dd\PRooFPS-dd\GUI.cpp,"proofps_dd::GUI::drawTextHighlighted(const float& fImGuiX, const float& fImGuiY, const std::string& text)",15,11,11,0,3,0,1,17,
C:\__PR00F__\___developing___\projects\PRooFPS-dd\PRooFPS-dd\GUI.cpp,"proofps_dd::GUI::ImGuiTextTableCurrentCellShortenedFit(const std::string& text, size_t nAppendLastNChars)",61,53,32,8,5,5,3,83,
C:\__PR00F__\___developing___\projects\PRooFPS-dd\PRooFPS-dd\GUI.cpp,proofps_dd::GUI::ImGuiTextTableCurrentCellCentered(const std::string& text),3,3,3,0,0,0,0,0,
C:\__PR00F__\___developing___\projects\PRooFPS-dd\PRooFPS-dd\GUI.cpp,proofps_dd::GUI::ImGuiTextTableCurrentCellRightAdjusted(const std::string& text),3,3,3,0,0,0,0,0,
C:\__PR00F__\___developing___\projects\PRooFPS-dd\PRooFPS-dd\GUI.cpp,proofps_dd::GUI::GUI(),2,1,1,0,1,0,0,0,
C:\__PR00F__\___developing___\projects\PRooFPS-dd\PRooFPS-dd\GUI.cpp,proofps_dd::GUI::~GUI(),2,2,2,0,0,0,0,0,
C:\__PR00F__\___developing___\projects\PRooFPS-dd\PRooFPS-dd\InputHandling.cpp,"proofps_dd::InputHandling::InputHandling( PGE& pge, proofps_dd::Durations& durations, proofps_dd::GUI& gui, std::map<pge_network::PgeNetworkConnectionHandle, proofps_dd::Player>& mapPlayers, proofps_dd::Maps& maps, proofps_dd::Sounds& sounds)",9,2,2,0,1,0,6,92,
C:\__PR00F__\___developing___\projects\PRooFPS-dd\PRooFPS-dd\InputHandling.cpp,proofps_dd::InputHandling::getConsole() const,2,2,2,1,0,0,0,0,
C:\__PR00F__\___developing___\projects\PRooFPS-dd\PRooFPS-dd\InputHandling.cpp,proofps_dd::InputHandling::getLoggerModuleName(),2,2,2,1,0,0,0,0,
C:\__PR00F__\___developing___\projects\PRooFPS-dd\PRooFPS-dd\InputHandling.cpp,"proofps_dd::InputHandling::clientHandleInputWhenConnectedAndSendUserCmdMoveToServer( proofps_dd::GameMode& gameMode, proofps_dd::Player& player, proofps_dd::XHair& xhair, const unsigned int nTickrate, const unsigned int nClUpdateRate, const unsigned int nPhysicsRateMin)",14,11,8,2,1,0,2,39,
C:\__PR00F__\___developing___\projects\PRooFPS-dd\PRooFPS-dd\InputHandling.cpp,proofps_dd::InputHandling::clientHandleInputWhenDisconnectedFromServer(),2,2,2,1,0,0,0,0,
C:\__PR00F__\___developing___\projects\PRooFPS-dd\PRooFPS-dd\InputHandling.cpp,"proofps_dd::InputHandling::serverHandleUserCmdMoveFromClient( pge_network::PgeNetworkConnectionHandle connHandleServerSide, const proofps_dd::MsgUserCmdFromClient& pktUserCmdMove, proofps_dd::WeaponHandling& wpnHandling )",363,242,126,49,29,16,92,1126,
C:\__PR00F__\___developing___\projects\PRooFPS-dd\PRooFPS-dd\InputHandling.cpp,"proofps_dd::InputHandling::clientKeyboardWhenConnectedToServer( proofps_dd::GameMode& gameMode, pge_network::PgePacket& pkt, proofps_dd::Player& player, const unsigned int nTickrate, const unsigned int nClUpdateRate, const unsigned int nPhysicsRateMin)",169,140,86,30,18,1,11,150,
C:\__PR00F__\___developing___\projects\PRooFPS-dd\PRooFPS-dd\InputHandling.cpp,proofps_dd::InputHandling::clientKeyboardWhenDisconnectedFromServer(),6,6,4,3,0,0,0,0,
C:\__PR00F__\___developing___\projects\PRooFPS-dd\PRooFPS-dd\InputHandling.cpp,"proofps_dd::InputHandling::clientMouseWhenConnectedToServer( proofps_dd::GameMode& gameMode, pge_network::PgePacket& pkt, proofps_dd::Player& player, PureObject3D& objXHair)",113,90,50,18,14,0,9,117,
C:\__PR00F__\___developing___\projects\PRooFPS-dd\PRooFPS-dd\InputHandling.cpp,"proofps_dd::InputHandling::clientUpdatePlayerAsPerInputAndSendUserCmdMoveToServer( pge_network::PgePacket& pkt, proofps_dd::Player& player, PureObject3D& objXHair)",71,47,24,4,8,0,16,240,
C:\__PR00F__\___developing___\projects\PRooFPS-dd\PRooFPS-dd\InputHandling.cpp,"proofps_dd::InputHandling::clientMouseWheel( const short int& nMouseWheelChange, pge_network::PgePacket& pkt, proofps_dd::Player& player)",39,28,16,4,4,0,7,96,
C:\__PR00F__\___developing___\projects\PRooFPS-dd\PRooFPS-dd\InputHandling.cpp,proofps_dd::InputHandling::getMsgAppIdName(const proofps_dd::PRooFPSappMsgId& id),6,6,4,3,0,0,0,0,
C:\__PR00F__\___developing___\projects\PRooFPS-dd\PRooFPS-dd\InputHandling.cpp,proofps_dd::InputHandling::getLongestMsgAppIdNameLength(),11,11,7,3,0,0,0,0,
C:\__PR00F__\___developing___\projects\PRooFPS-dd\PRooFPS-dd\InputHandling.cpp,"proofps_dd::InputHandling::regTestDumpToFile( proofps_dd::GameMode& gameMode, proofps_dd::Player& player, const unsigned int nTickrate, const unsigned int nClUpdateRate, const unsigned int nPhysicsRateMin)",104,83,60,8,16,0,5,83,
C:\__PR00F__\___developing___\projects\PRooFPS-dd\PRooFPS-dd\Mapcycle.cpp,proofps_dd::Mapcycle::~Mapcycle(),2,2,2,0,0,0,0,0,
C:\__PR00F__\___developing___\projects\PRooFPS-dd\PRooFPS-dd\Mapcycle.cpp,proofps_dd::Mapcycle::getLoggerModuleName(),2,2,2,1,0,0,0,0,
C:\__PR00F__\___developing___\projects\PRooFPS-dd\PRooFPS-dd\Mapcycle.cpp,proofps_dd::Mapcycle::getConsole() const,2,2,2,1,0,0,0,0,
C:\__PR00F__\___developing___\projects\PRooFPS-dd\PRooFPS-dd\Mapcycle.cpp,proofps_dd::Mapcycle::isValidMapFilename(const std::string& sFilename),25,18,10,9,5,1,2,35,
C:\__PR00F__\___developing___\projects\PRooFPS-dd\PRooFPS-dd\Mapcycle.cpp,proofps_dd::Mapcycle::initialize(),12,8,6,3,3,0,1,5,
C:\__PR00F__\___developing___\projects\PRooFPS-dd\PRooFPS-dd\Mapcycle.cpp,proofps_dd::Mapcycle::isInitialized() const,2,2,2,1,0,0,0,0,
C:\__PR00F__\___developing___\projects\PRooFPS-dd\PRooFPS-dd\Mapcycle.cpp,proofps_dd::Mapcycle::shutdown(),16,12,10,1,2,0,2,7,
C:\__PR00F__\___developing___\projects\PRooFPS-dd\PRooFPS-dd\Mapcycle.cpp,proofps_dd::Mapcycle::availableMapsGet() const,2,2,2,1,0,0,0,0,
C:\__PR00F__\___developing___\projects\PRooFPS-dd\PRooFPS-dd\Mapcycle.cpp,proofps_dd::Mapcycle::availableMapsGetElem(const size_t& index) const,10,9,7,3,1,0,0,0,
C:\__PR00F__\___developing___\projects\PRooFPS-dd\PRooFPS-dd\Mapcycle.cpp,proofps_dd::Mapcycle::availableMapsGetAsCharPtrArray() const,2,2,2,1,0,0,0,0,
C:\__PR00F__\___developing___\projects\PRooFPS-dd\PRooFPS-dd\Mapcycle.cpp,proofps_dd::Mapcycle::availableMapsNoChangingGet() const,2,2,2,1,0,0,0,0,
C:\__PR00F__\___developing___\projects\PRooFPS-dd\PRooFPS-dd\Mapcycle.cpp,proofps_dd::Mapcycle::availableMapsNoChangingGetElem(const size_t& index) const,10,9,7,3,1,0,0,0,
C:\__PR00F__\___developing___\projects\PRooFPS-dd\PRooFPS-dd\Mapcycle.cpp,proofps_dd::Mapcycle::mapcycleGet() const,2,2,2,1,0,0,0,0,
C:\__PR00F__\___developing___\projects\PRooFPS-dd\PRooFPS-dd\Mapcycle.cpp,proofps_dd::Mapcycle::mapcycleGetAsCharPtrArray() const,2,2,2,1,0,0,0,0,
C:\__PR00F__\___developing___\projects\PRooFPS-dd\PRooFPS-dd\Mapcycle.cpp,proofps_dd::Mapcycle::mapcycleGetCurrent() const,4,4,2,1,0,0,0,0,
C:\__PR00F__\___developing___\projects\PRooFPS-dd\PRooFPS-dd\Mapcycle.cpp,proofps_dd::Mapcycle::mapcycleIsCurrentLast() const,2,2,2,1,0,0,0,0,
C:\__PR00F__\___developing___\projects\PRooFPS-dd\PRooFPS-dd\Mapcycle.cpp,proofps_dd::Mapcycle::mapcycleSaveToFile(),30,26,18,7,4,0,0,0,
C:\__PR00F__\___developing___\projects\PRooFPS-dd\PRooFPS-dd\Mapcycle.cpp,proofps_dd::Mapcycle::mapcycleNext(),14,11,7,4,1,0,2,19,
C:\__PR00F__\___developing___\projects\PRooFPS-dd\PRooFPS-dd\Mapcycle.cpp,proofps_dd::Mapcycle::mapcycleRewindToFirst(),8,7,5,3,0,0,1,3,
C:\__PR00F__\___developing___\projects\PRooFPS-dd\PRooFPS-dd\Mapcycle.cpp,proofps_dd::Mapcycle::mapcycleForwardToLast(),10,8,6,3,1,0,1,3,
C:\__PR00F__\___developing___\projects\PRooFPS-dd\PRooFPS-dd\Mapcycle.cpp,proofps_dd::Mapcycle::mapcycle_availableMaps_Synchronize(),7,5,5,0,0,0,2,30,
C:\__PR00F__\___developing___\projects\PRooFPS-dd\PRooFPS-dd\Mapcycle.cpp,proofps_dd::Mapcycle::mapcycleAdd_availableMapsRemove(const std::string& sMapFilename),16,15,9,3,1,0,0,0,
C:\__PR00F__\___developing___\projects\PRooFPS-dd\PRooFPS-dd\Mapcycle.cpp,proofps_dd::Mapcycle::mapcycleAdd_availableMapsRemove(const std::vector<std::string>& vMapFilenames),16,15,9,3,1,0,0,0,
C:\__PR00F__\___developing___\projects\PRooFPS-dd\PRooFPS-dd\Mapcycle.cpp,proofps_dd::Mapcycle::mapcycleAdd_availableMapsRemove(),13,12,8,2,1,0,0,0,
C:\__PR00F__\___developing___\projects\PRooFPS-dd\PRooFPS-dd\Mapcycle.cpp,proofps_dd::Mapcycle::mapcycleRemove_availableMapsAdd(const std::string& sMapFilename),16,15,9,3,1,0,0,0,
C:\__PR00F__\___developing___\projects\PRooFPS-dd\PRooFPS-dd\Mapcycle.cpp,proofps_dd::Mapcycle::mapcycleRemove_availableMapsAdd(const size_t& indexToMapcycle),17,16,10,3,1,0,0,0,
C:\__PR00F__\___developing___\projects\PRooFPS-dd\PRooFPS-dd\Mapcycle.cpp,proofps_dd::Mapcycle::mapcycleRemove_availableMapsAdd(const std::vector<std::string>& vMapFilenames),16,15,9,3,1,0,0,0,
C:\__PR00F__\___developing___\projects\PRooFPS-dd\PRooFPS-dd\Mapcycle.cpp,proofps_dd::Mapcycle::mapcycleRemove_availableMapsAdd(),14,13,9,2,1,0,0,0,
C:\__PR00F__\___developing___\projects\PRooFPS-dd\PRooFPS-dd\Mapcycle.cpp,proofps_dd::Mapcycle::availableMapsRefresh(),20,16,12,2,3,1,1,5,
C:\__PR00F__\___developing___\projects\PRooFPS-dd\PRooFPS-dd\Mapcycle.cpp,proofps_dd::Mapcycle::availableMapsAdd(const std::string& sMapFilename),6,4,4,1,2,0,0,0,
C:\__PR00F__\___developing___\projects\PRooFPS-dd\PRooFPS-dd\Mapcycle.cpp,proofps_dd::Mapcycle::availableMapsAdd(const std::vector<std::string>& vMapFilenames),16,12,8,4,3,0,1,5,
C:\__PR00F__\___developing___\projects\PRooFPS-dd\PRooFPS-dd\Mapcycle.cpp,proofps_dd::Mapcycle::availableMapsRemove(const std::string& sMapFilename),6,4,4,1,2,0,0,0,
C:\__PR00F__\___developing___\projects\PRooFPS-dd\PRooFPS-dd\Mapcycle.cpp,proofps_dd::Mapcycle::availableMapsRemove(const size_t& index),17,11,9,3,4,0,2,5,
C:\__PR00F__\___developing___\projects\PRooFPS-dd\PRooFPS-dd\Mapcycle.cpp,proofps_dd::Mapcycle::availableMapsRemove(const std::vector<std::string>& vMapFilenames),16,12,8,4,3,0,1,5,
C:\__PR00F__\___developing___\projects\PRooFPS-dd\PRooFPS-dd\Mapcycle.cpp,proofps_dd::Mapcycle::mapcycleReload(),57,47,35,10,8,1,2,60,
C:\__PR00F__\___developing___\projects\PRooFPS-dd\PRooFPS-dd\Mapcycle.cpp,proofps_dd::Mapcycle::mapcycleAdd(const std::string& sMapFilename),7,5,5,1,2,0,0,0,
C:\__PR00F__\___developing___\projects\PRooFPS-dd\PRooFPS-dd\Mapcycle.cpp,proofps_dd::Mapcycle::mapcycleAdd(const std::vector<std::string>& vMapFilenames),18,13,9,4,4,0,1,5,
C:\__PR00F__\___developing___\projects\PRooFPS-dd\PRooFPS-dd\Mapcycle.cpp,proofps_dd::Mapcycle::mapcycleAdd(const std::set<std::string>& vMapFilenames),18,13,9,4,4,0,1,5,
C:\__PR00F__\___developing___\projects\PRooFPS-dd\PRooFPS-dd\Mapcycle.cpp,proofps_dd::Mapcycle::mapcycleRemove(const std::string& sMapFilename),7,5,5,1,2,0,0,0,
C:\__PR00F__\___developing___\projects\PRooFPS-dd\PRooFPS-dd\Mapcycle.cpp,proofps_dd::Mapcycle::mapcycleRemove(const size_t& index),13,10,8,3,3,0,0,0,
C:\__PR00F__\___developing___\projects\PRooFPS-dd\PRooFPS-dd\Mapcycle.cpp,proofps_dd::Mapcycle::mapcycleRemove(const std::vector<std::string>& vMapFilenames),18,13,9,4,4,0,1,5,
C:\__PR00F__\___developing___\projects\PRooFPS-dd\PRooFPS-dd\Mapcycle.cpp,proofps_dd::Mapcycle::mapcycleClear(),5,5,5,0,0,0,0,0,
C:\__PR00F__\___developing___\projects\PRooFPS-dd\PRooFPS-dd\Mapcycle.cpp,proofps_dd::Mapcycle::mapcycleRemoveNonExisting(),25,23,15,4,2,0,0,0,
C:\__PR00F__\___developing___\projects\PRooFPS-dd\PRooFPS-dd\Mapcycle.cpp,proofps_dd::Mapcycle::lineShouldBeIgnored(const std::string& sLine),2,2,2,1,0,0,0,0,
C:\__PR00F__\___developing___\projects\PRooFPS-dd\PRooFPS-dd\Mapcycle.cpp,"proofps_dd::Mapcycle::mapFilenameAddToVector_NoDuplicatesAllowed(const std::string& sMapFilename, std::vector<std::string>& vec)",16,13,9,5,2,1,1,11,
C:\__PR00F__\___developing___\projects\PRooFPS-dd\PRooFPS-dd\Mapcycle.cpp,"proofps_dd::Mapcycle::mapFilenameAddToSet_NoDuplicatesAllowed(const std::string& sMapFilename, std::set<std::string>& settt)",16,12,8,5,2,1,2,15,
C:\__PR00F__\___developing___\projects\PRooFPS-dd\PRooFPS-dd\Mapcycle.cpp,"proofps_dd::Mapcycle::mapFilenameRemoveFromVector(const std::string& sMapFilename, std::vector<std::string>& vec)",16,14,10,5,2,1,0,6,
C:\__PR00F__\___developing___\projects\PRooFPS-dd\PRooFPS-dd\Mapcycle.cpp,"proofps_dd::Mapcycle::mapFilenameRemoveFromSet(const std::string& sMapFilename, std::set<std::string>& settt)",14,13,9,5,1,1,0,6,
C:\__PR00F__\___developing___\projects\PRooFPS-dd\PRooFPS-dd\Mapcycle.cpp,proofps_dd::Mapcycle::availableMapsRefreshCharPtrArray(),15,14,10,2,1,1,0,10,
C:\__PR00F__\___developing___\projects\PRooFPS-dd\PRooFPS-dd\Mapcycle.cpp,proofps_dd::Mapcycle::mapcycleRefreshCharPtrArray(),13,12,8,2,1,1,0,10,
C:\__PR00F__\___developing___\projects\PRooFPS-dd\PRooFPS-dd\MapItem.cpp,"proofps_dd::operator<<(std::ostream& s, const proofps_dd::MapItemType& mit)",15,15,8,7,0,0,0,0,
C:\__PR00F__\___developing___\projects\PRooFPS-dd\PRooFPS-dd\MapItem.cpp,proofps_dd::MapItem::getGlobalMapItemId(),2,2,2,1,0,0,0,0,
C:\__PR00F__\___developing___\projects\PRooFPS-dd\PRooFPS-dd\MapItem.cpp,proofps_dd::MapItem::resetGlobalData(),7,7,5,1,0,0,0,0,
C:\__PR00F__\___developing___\projects\PRooFPS-dd\PRooFPS-dd\MapItem.cpp,proofps_dd::MapItem::getItemRespawnTimeSecs(const proofps_dd::MapItem& mapItem),14,14,7,6,0,1,0,15,
C:\__PR00F__\___developing___\projects\PRooFPS-dd\PRooFPS-dd\MapItem.cpp,"proofps_dd::MapItem::MapItem(PR00FsUltimateRenderingEngine& gfx, const proofps_dd::MapItemType& itemType, const PureVector& pos)",36,32,21,8,2,0,2,10,
C:\__PR00F__\___developing___\projects\PRooFPS-dd\PRooFPS-dd\MapItem.cpp,proofps_dd::MapItem::~MapItem(),7,6,4,1,0,0,1,7,
C:\__PR00F__\___developing___\projects\PRooFPS-dd\PRooFPS-dd\MapItem.cpp,proofps_dd::MapItem::getId() const,2,2,2,1,0,0,0,0,
C:\__PR00F__\___developing___\projects\PRooFPS-dd\PRooFPS-dd\MapItem.cpp,proofps_dd::MapItem::getType() const,2,2,2,1,0,0,0,0,
C:\__PR00F__\___developing___\projects\PRooFPS-dd\PRooFPS-dd\MapItem.cpp,proofps_dd::MapItem::getPos() const,2,2,2,1,0,0,0,0,
C:\__PR00F__\___developing___\projects\PRooFPS-dd\PRooFPS-dd\MapItem.cpp,proofps_dd::MapItem::getObject3D() const,2,2,2,1,0,0,0,0,
C:\__PR00F__\___developing___\projects\PRooFPS-dd\PRooFPS-dd\MapItem.cpp,proofps_dd::MapItem::isTaken() const,2,2,2,1,0,0,0,0,
C:\__PR00F__\___developing___\projects\PRooFPS-dd\PRooFPS-dd\MapItem.cpp,proofps_dd::MapItem::take(),10,8,6,1,1,0,1,19,
C:\__PR00F__\___developing___\projects\PRooFPS-dd\PRooFPS-dd\MapItem.cpp,proofps_dd::MapItem::unTake(),9,7,5,1,1,0,1,11,
C:\__PR00F__\___developing___\projects\PRooFPS-dd\PRooFPS-dd\MapItem.cpp,proofps_dd::MapItem::getTimeTaken() const,2,2,2,1,0,0,0,0,
C:\__PR00F__\___developing___\projects\PRooFPS-dd\PRooFPS-dd\MapItem.cpp,proofps_dd::MapItem::update(float factor),8,7,5,1,0,0,1,14,
C:\__PR00F__\___developing___\projects\PRooFPS-dd\PRooFPS-dd\Maps.cpp,proofps_dd::Maps::~Maps(),2,2,2,0,0,0,0,0,
C:\__PR00F__\___developing___\projects\PRooFPS-dd\PRooFPS-dd\Maps.cpp,proofps_dd::Maps::getConsole() const,2,2,2,1,0,0,0,0,
C:\__PR00F__\___developing___\projects\PRooFPS-dd\PRooFPS-dd\Maps.cpp,proofps_dd::Maps::getLoggerModuleName(),2,2,2,1,0,0,0,0,
C:\__PR00F__\___developing___\projects\PRooFPS-dd\PRooFPS-dd\Maps.cpp,proofps_dd::Maps::initialize(),20,16,10,5,4,0,0,0,
C:\__PR00F__\___developing___\projects\PRooFPS-dd\PRooFPS-dd\Maps.cpp,proofps_dd::Maps::isInitialized() const,2,2,2,1,0,0,0,0,
C:\__PR00F__\___developing___\projects\PRooFPS-dd\PRooFPS-dd\Maps.cpp,proofps_dd::Maps::shutdown(),15,11,9,1,2,0,2,10,
C:\__PR00F__\___developing___\projects\PRooFPS-dd\PRooFPS-dd\Maps.cpp,proofps_dd::Maps::serverDecideFirstMapAndUpdateNextMapToBeLoaded(),35,28,20,4,2,1,5,88,
C:\__PR00F__\___developing___\projects\PRooFPS-dd\PRooFPS-dd\Maps.cpp,proofps_dd::Maps::getNextMapToBeLoaded() const,2,2,2,1,0,0,0,0,
C:\__PR00F__\___developing___\projects\PRooFPS-dd\PRooFPS-dd\Maps.cpp,proofps_dd::Maps::loaded() const,2,2,2,1,0,0,0,0,
C:\__PR00F__\___developing___\projects\PRooFPS-dd\PRooFPS-dd\Maps.cpp,"proofps_dd::Maps::load(const char* fname, std::function<void(int)>& cbDisplayProgressUpdate)",180,152,95,23,18,3,10,218,
C:\__PR00F__\___developing___\projects\PRooFPS-dd\PRooFPS-dd\Maps.cpp,proofps_dd::Maps::unload(),44,39,31,4,5,0,0,0,
C:\__PR00F__\___developing___\projects\PRooFPS-dd\PRooFPS-dd\Maps.cpp,proofps_dd::Maps::width() const,2,2,2,1,0,0,0,0,
C:\__PR00F__\___developing___\projects\PRooFPS-dd\PRooFPS-dd\Maps.cpp,proofps_dd::Maps::height() const,2,2,2,1,0,0,0,0,
C:\__PR00F__\___developing___\projects\PRooFPS-dd\PRooFPS-dd\Maps.cpp,proofps_dd::Maps::updateVisibilitiesForRenderer(),25,24,12,4,1,0,0,0,
C:\__PR00F__\___developing___\projects\PRooFPS-dd\PRooFPS-dd\Maps.cpp,proofps_dd::Maps::getFilename() const,2,2,2,1,0,0,0,0,
C:\__PR00F__\___developing___\projects\PRooFPS-dd\PRooFPS-dd\Maps.cpp,proofps_dd::Maps::getSpawnpoints() const,2,2,2,1,0,0,0,0,
C:\__PR00F__\___developing___\projects\PRooFPS-dd\PRooFPS-dd\Maps.cpp,proofps_dd::Maps::getRandomSpawnpoint() const,11,9,7,2,1,0,1,4,
C:\__PR00F__\___developing___\projects\PRooFPS-dd\PRooFPS-dd\Maps.cpp,proofps_dd::Maps::getLeftMostSpawnpoint() const,7,6,4,2,1,0,0,0,
C:\__PR00F__\___developing___\projects\PRooFPS-dd\PRooFPS-dd\Maps.cpp,proofps_dd::Maps::getRightMostSpawnpoint() const,7,6,4,2,1,0,0,0,
C:\__PR00F__\___developing___\projects\PRooFPS-dd\PRooFPS-dd\Maps.cpp,proofps_dd::Maps::getBlockPosMin() const,2,2,2,1,0,0,0,0,
C:\__PR00F__\___developing___\projects\PRooFPS-dd\PRooFPS-dd\Maps.cpp,proofps_dd::Maps::getBlockPosMax() const,2,2,2,1,0,0,0,0,
C:\__PR00F__\___developing___\projects\PRooFPS-dd\PRooFPS-dd\Maps.cpp,proofps_dd::Maps::getBlocksVertexPosMin() const,2,2,2,1,0,0,0,0,
C:\__PR00F__\___developing___\projects\PRooFPS-dd\PRooFPS-dd\Maps.cpp,proofps_dd::Maps::getBlocksVertexPosMax() const,2,2,2,1,0,0,0,0,
C:\__PR00F__\___developing___\projects\PRooFPS-dd\PRooFPS-dd\Maps.cpp,proofps_dd::Maps::getBlocks(),2,2,2,1,0,0,0,0,
C:\__PR00F__\___developing___\projects\PRooFPS-dd\PRooFPS-dd\Maps.cpp,proofps_dd::Maps::getForegroundBlocks(),2,2,2,1,0,0,0,0,
C:\__PR00F__\___developing___\projects\PRooFPS-dd\PRooFPS-dd\Maps.cpp,proofps_dd::Maps::getBlockCount() const,2,2,2,1,0,0,0,0,
C:\__PR00F__\___developing___\projects\PRooFPS-dd\PRooFPS-dd\Maps.cpp,proofps_dd::Maps::getForegroundBlockCount() const,2,2,2,1,0,0,0,0,
C:\__PR00F__\___developing___\projects\PRooFPS-dd\PRooFPS-dd\Maps.cpp,proofps_dd::Maps::getItems() const,2,2,2,1,0,0,0,0,
C:\__PR00F__\___developing___\projects\PRooFPS-dd\PRooFPS-dd\Maps.cpp,proofps_dd::Maps::getVars() const,2,2,2,1,0,0,0,0,
C:\__PR00F__\___developing___\projects\PRooFPS-dd\PRooFPS-dd\Maps.cpp,proofps_dd::Maps::update(const float& fps),17,14,8,3,2,0,1,6,
C:\__PR00F__\___developing___\projects\PRooFPS-dd\PRooFPS-dd\Maps.cpp,"proofps_dd::Maps::handleMapItemUpdateFromServer( pge_network::PgeNetworkConnectionHandle , const proofps_dd::MsgMapItemUpdateFromServer& msg)",20,17,11,4,3,0,0,0,
C:\__PR00F__\___developing___\projects\PRooFPS-dd\PRooFPS-dd\Maps.cpp,proofps_dd::Maps::getMapcycle(),2,2,2,1,0,0,0,0,
C:\__PR00F__\___developing___\projects\PRooFPS-dd\PRooFPS-dd\Maps.cpp,proofps_dd::Maps::lineShouldBeIgnored(const std::string& sLine),2,2,2,1,0,0,0,0,
C:\__PR00F__\___developing___\projects\PRooFPS-dd\PRooFPS-dd\Maps.cpp,"proofps_dd::Maps::lineIsValueAssignment(const std::string& sLine, std::string& sVar, std::string& sValue, bool& bParseError)",64,52,32,13,6,0,6,64,
C:\__PR00F__\___developing___\projects\PRooFPS-dd\PRooFPS-dd\Maps.cpp,"proofps_dd::Maps::lineHandleAssignment(std::string& sVar, std::string& sValue)",11,9,7,1,0,0,2,23,
C:\__PR00F__\___developing___\projects\PRooFPS-dd\PRooFPS-dd\Maps.cpp,"proofps_dd::Maps::lineHandleLayout(const std::string& sLine, TPureFloat& y, bool bDryRun)",220,195,124,36,12,7,13,181,
C:\__PR00F__\___developing___\projects\PRooFPS-dd\PRooFPS-dd\Minimap.cpp,proofps_dd::Minimap::getLoggerModuleName(),2,2,2,1,0,0,0,0,
C:\__PR00F__\___developing___\projects\PRooFPS-dd\PRooFPS-dd\Minimap.cpp,proofps_dd::Minimap::getConsole() const,2,2,2,1,0,0,0,0,
C:\__PR00F__\___developing___\projects\PRooFPS-dd\PRooFPS-dd\Minimap.cpp,"proofps_dd::Minimap::Minimap( PGE& pge, Maps& maps, const std::map<pge_network::PgeNetworkConnectionHandle, proofps_dd::Player>& mapPlayers)",9,8,5,1,1,2,0,12,
C:\__PR00F__\___developing___\projects\PRooFPS-dd\PRooFPS-dd\Minimap.cpp,proofps_dd::Minimap::~Minimap(),9,9,5,2,0,0,0,0,
C:\__PR00F__\___developing___\projects\PRooFPS-dd\PRooFPS-dd\Minimap.cpp,proofps_dd::Minimap::show(),2,2,2,0,0,0,0,0,
C:\__PR00F__\___developing___\projects\PRooFPS-dd\PRooFPS-dd\Minimap.cpp,proofps_dd::Minimap::hide(),2,2,2,0,0,0,0,0,
C:\__PR00F__\___developing___\projects\PRooFPS-dd\PRooFPS-dd\Minimap.cpp,proofps_dd::Minimap::visible() const,2,2,2,1,0,0,0,0,
C:\__PR00F__\___developing___\projects\PRooFPS-dd\PRooFPS-dd\Minimap.cpp,proofps_dd::Minimap::draw(),139,92,46,8,22,3,25,315,
C:\__PR00F__\___developing___\projects\PRooFPS-dd\PRooFPS-dd\Minimap.cpp,proofps_dd::Minimap::getMinimapSizeInPixels() const,47,18,12,4,3,0,26,174,
C:\__PR00F__\___developing___\projects\PRooFPS-dd\PRooFPS-dd\Minimap.cpp,proofps_dd::Minimap::getMinimapXfromWorldSpaceX(const float& posWorldX) const,9,5,3,1,1,0,3,50,
C:\__PR00F__\___developing___\projects\PRooFPS-dd\PRooFPS-dd\Minimap.cpp,proofps_dd::Minimap::getMinimapYfromWorldSpaceY(const float& posWorldY) const,27,13,9,3,4,2,10,154,
C:\__PR00F__\___developing___\projects\PRooFPS-dd\PRooFPS-dd\Networking.cpp,proofps_dd::Networking::getLoggerModuleName(),2,2,2,1,0,0,0,0,
C:\__PR00F__\___developing___\projects\PRooFPS-dd\PRooFPS-dd\Networking.cpp,proofps_dd::Networking::getConsole() const,2,2,2,1,0,0,0,0,
C:\__PR00F__\___developing___\projects\PRooFPS-dd\PRooFPS-dd\Networking.cpp,proofps_dd::Networking::isMyConnection(const pge_network::PgeNetworkConnectionHandle& connHandleServerSide) const,6,2,2,1,0,0,4,58,
C:\__PR00F__\___developing___\projects\PRooFPS-dd\PRooFPS-dd\Networking.cpp,proofps_dd::Networking::reinitialize(),7,7,5,2,0,0,0,0,
C:\__PR00F__\___developing___\projects\PRooFPS-dd\PRooFPS-dd\Networking.cpp,proofps_dd::Networking::isServer() const,2,2,2,1,0,0,0,0,
C:\__PR00F__\___developing___\projects\PRooFPS-dd\PRooFPS-dd\Networking.cpp,proofps_dd::Networking::getMyServerSideConnectionHandle() const,2,2,2,1,0,0,0,0,
C:\__PR00F__\___developing___\projects\PRooFPS-dd\PRooFPS-dd\Networking.cpp,proofps_dd::Networking::allowListAppMessages(),38,22,18,1,5,0,11,122,
C:\__PR00F__\___developing___\projects\PRooFPS-dd\PRooFPS-dd\Physics.cpp,proofps_dd::Physics::getConsole() const,2,2,2,1,0,0,0,0,
C:\__PR00F__\___developing___\projects\PRooFPS-dd\PRooFPS-dd\Physics.cpp,proofps_dd::Physics::getLoggerModuleName(),2,2,2,1,0,0,0,0,
C:\__PR00F__\___developing___\projects\PRooFPS-dd\PRooFPS-dd\Physics.cpp,"proofps_dd::Physics::colliding(const PureObject3D& a, const PureObject3D& b)",7,7,2,1,0,0,0,0,
C:\__PR00F__\___developing___\projects\PRooFPS-dd\PRooFPS-dd\Physics.cpp,"proofps_dd::Physics::colliding_NoZ(const PureObject3D& a, const PureObject3D& b)",7,7,2,1,0,0,0,0,
C:\__PR00F__\___developing___\projects\PRooFPS-dd\PRooFPS-dd\Physics.cpp,"proofps_dd::Physics::colliding2( float o1px, float o1py, float o1pz, float o1sx, float o1sy, float o1sz, float o2px, float o2py, float o2pz, float o2sx, float o2sy, float o2sz)",20,20,2,6,0,0,0,0,
C:\__PR00F__\___developing___\projects\PRooFPS-dd\PRooFPS-dd\Physics.cpp,"proofps_dd::Physics::colliding2_NoZ( float o1px, float o1py, float o1sx, float o1sy, float o2px, float o2py, float o2sx, float o2sy)",14,14,2,4,0,0,0,0,
C:\__PR00F__\___developing___\projects\PRooFPS-dd\PRooFPS-dd\Physics.cpp,"proofps_dd::Physics::distance_NoZ( float o1px, float o1py, float o2px, float o2py)",4,4,4,1,0,0,0,0,
C:\__PR00F__\___developing___\projects\PRooFPS-dd\PRooFPS-dd\Physics.cpp,"proofps_dd::Physics::distance_NoZ(float o1px, float o1py, float o1sx, float o1sy, float o2px, float o2py)",29,22,14,6,4,0,3,56,
C:\__PR00F__\___developing___\projects\PRooFPS-dd\PRooFPS-dd\Physics.cpp,"proofps_dd::Physics::distance_NoZ_with_distancePerAxis(float o1px, float o1py, float o1sx, float o1sy, float o2px, float o2py, PureVector& vDirPerAxis, PureVector& vDistancePerAxis)",40,31,23,6,5,0,4,61,
C:\__PR00F__\___developing___\projects\PRooFPS-dd\PRooFPS-dd\Physics.cpp,"proofps_dd::Physics::colliding3( const PureVector& vecPosMin, const PureVector& vecPosMax, const PureVector& vecObjPos, const PureVector& vecObjSize)",18,17,4,1,1,0,0,0,
C:\__PR00F__\___developing___\projects\PRooFPS-dd\PRooFPS-dd\Physics.cpp,proofps_dd::Physics::serverSetAllowStrafeMidAir(bool bAllow),2,2,2,0,0,0,0,0,
C:\__PR00F__\___developing___\projects\PRooFPS-dd\PRooFPS-dd\Physics.cpp,proofps_dd::Physics::serverSetAllowStrafeMidAirFull(bool bAllow),2,2,2,0,0,0,0,0,
C:\__PR00F__\___developing___\projects\PRooFPS-dd\PRooFPS-dd\Physics.cpp,"proofps_dd::Physics::serverGravity( XHair& xhair, const unsigned int& nPhysicsRate, proofps_dd::GameMode& gameMode )",119,73,42,10,12,2,34,301,
C:\__PR00F__\___developing___\projects\PRooFPS-dd\PRooFPS-dd\Physics.cpp,proofps_dd::Physics::serverPlayerCollisionWithWalls(const unsigned int& nPhysicsRate),310,213,113,33,37,11,60,724,
C:\__PR00F__\___developing___\projects\PRooFPS-dd\PRooFPS-dd\Player.cpp,proofps_dd::Player::getLoggerModuleName(),2,2,2,1,0,0,0,0,
C:\__PR00F__\___developing___\projects\PRooFPS-dd\PRooFPS-dd\Player.cpp,"proofps_dd::Player::genUniqueUserName( char szNewUserName[proofps_dd::MsgUserNameChangeAndBootupDone::nUserNameBufferLength], const std::string& sNameFromConfig, const std::map<pge_network::PgeNetworkConnectionHandle, proofps_dd::Player>& m_mapPlayers)",36,30,20,6,4,1,2,44,
C:\__PR00F__\___developing___\projects\PRooFPS-dd\PRooFPS-dd\Player.cpp,"proofps_dd::Player::Player( pge_audio::PgeAudio& audio, PGEcfgProfiles& cfgProfiles, std::list<Bullet>& bullets, PR00FsUltimateRenderingEngine& gfx, const pge_network::PgeNetworkConnectionHandle& connHandle, const std::string& sIpAddress)",2,2,2,0,0,0,0,0,
C:\__PR00F__\___developing___\projects\PRooFPS-dd\PRooFPS-dd\Player.cpp,proofps_dd::Player::Player(const proofps_dd::Player& other),2,2,2,0,0,0,0,0,
C:\__PR00F__\___developing___\projects\PRooFPS-dd\PRooFPS-dd\Player.cpp,proofps_dd::Player::operator=(const proofps_dd::Player& other),39,35,35,1,2,0,2,11,
C:\__PR00F__\___developing___\projects\PRooFPS-dd\PRooFPS-dd\Player.cpp,proofps_dd::Player::~Player(),11,6,4,1,2,1,3,43,
C:\__PR00F__\___developing___\projects\PRooFPS-dd\PRooFPS-dd\Player.cpp,proofps_dd::Player::getTimeConstructed() const,2,2,2,1,0,0,0,0,
C:\__PR00F__\___developing___\projects\PRooFPS-dd\PRooFPS-dd\Player.cpp,proofps_dd::Player::getTimeBootedUp() const,2,2,2,1,0,0,0,0,
C:\__PR00F__\___developing___\projects\PRooFPS-dd\PRooFPS-dd\Player.cpp,proofps_dd::Player::setTimeBootedUp(),2,2,2,0,0,0,0,0,
C:\__PR00F__\___developing___\projects\PRooFPS-dd\PRooFPS-dd\Player.cpp,proofps_dd::Player::isExpectingAfterBootUpDelayedUpdate() const,2,2,2,1,0,0,0,0,
C:\__PR00F__\___developing___\projects\PRooFPS-dd\PRooFPS-dd\Player.cpp,proofps_dd::Player::setExpectingAfterBootUpDelayedUpdate(bool b),2,2,2,0,0,0,0,0,
C:\__PR00F__\___developing___\projects\PRooFPS-dd\PRooFPS-dd\Player.cpp,proofps_dd::Player::getServerSideConnectionHandle() const,2,2,2,1,0,0,0,0,
C:\__PR00F__\___developing___\projects\PRooFPS-dd\PRooFPS-dd\Player.cpp,proofps_dd::Player::getIpAddress() const,2,2,2,1,0,0,0,0,
C:\__PR00F__\___developing___\projects\PRooFPS-dd\PRooFPS-dd\Player.cpp,proofps_dd::Player::getName() const,2,2,2,1,0,0,0,0,
C:\__PR00F__\___developing___\projects\PRooFPS-dd\PRooFPS-dd\Player.cpp,proofps_dd::Player::setName(const std::string& sName),2,2,2,0,0,0,0,0,
C:\__PR00F__\___developing___\projects\PRooFPS-dd\PRooFPS-dd\Player.cpp,proofps_dd::Player::getInvulnerability() const,3,2,2,1,0,0,1,12,
C:\__PR00F__\___developing___\projects\PRooFPS-dd\PRooFPS-dd\Player.cpp,"proofps_dd::Player::setInvulnerability(const bool& bState, const unsigned int& nSeconds)",4,4,4,0,0,0,0,0,
C:\__PR00F__\___developing___\projects\PRooFPS-dd\PRooFPS-dd\Player.cpp,proofps_dd::Player::getInvulnerabilityDurationSeconds() const,2,2,2,1,0,0,0,0,
C:\__PR00F__\___developing___\projects\PRooFPS-dd\PRooFPS-dd\Player.cpp,proofps_dd::Player::getTimeInvulnerabilityStarted() const,2,2,2,1,0,0,0,0,
C:\__PR00F__\___developing___\projects\PRooFPS-dd\PRooFPS-dd\Player.cpp,"proofps_dd::Player::updateVisuals(const proofps_dd::Config& config, bool bServer)",21,20,12,3,0,0,1,17,
C:\__PR00F__\___developing___\projects\PRooFPS-dd\PRooFPS-dd\Player.cpp,proofps_dd::Player::show(),2,2,2,0,0,0,0,0,
C:\__PR00F__\___developing___\projects\PRooFPS-dd\PRooFPS-dd\Player.cpp,proofps_dd::Player::hide(),2,2,2,0,0,0,0,0,
C:\__PR00F__\___developing___\projects\PRooFPS-dd\PRooFPS-dd\Player.cpp,proofps_dd::Player::setVisibilityState(bool state),6,6,4,1,0,0,0,0,
C:\__PR00F__\___developing___\projects\PRooFPS-dd\PRooFPS-dd\Player.cpp,proofps_dd::Player::getWeaponManager(),2,2,2,1,0,0,0,0,
C:\__PR00F__\___developing___\projects\PRooFPS-dd\PRooFPS-dd\Player.cpp,proofps_dd::Player::getWeaponManager() const,2,2,2,1,0,0,0,0,
C:\__PR00F__\___developing___\projects\PRooFPS-dd\PRooFPS-dd\Player.cpp,proofps_dd::Player::isDirty() const,8,7,6,2,0,0,1,10,
C:\__PR00F__\___developing___\projects\PRooFPS-dd\PRooFPS-dd\Player.cpp,proofps_dd::Player::updateOldValues(),15,14,9,3,0,0,1,10,
C:\__PR00F__\___developing___\projects\PRooFPS-dd\PRooFPS-dd\Player.cpp,proofps_dd::Player::isNetDirty() const,2,2,2,1,0,0,0,0,
C:\__PR00F__\___developing___\projects\PRooFPS-dd\PRooFPS-dd\Player.cpp,proofps_dd::Player::clearNetDirty(),2,2,2,0,0,0,0,0,
C:\__PR00F__\___developing___\projects\PRooFPS-dd\PRooFPS-dd\Player.cpp,proofps_dd::Player::getConsole() const,2,2,2,1,0,0,0,0,
C:\__PR00F__\___developing___\projects\PRooFPS-dd\PRooFPS-dd\Player.cpp,proofps_dd::Player::getHealth() const,3,2,2,1,0,0,1,12,
C:\__PR00F__\___developing___\projects\PRooFPS-dd\PRooFPS-dd\Player.cpp,proofps_dd::Player::setHealth(int value),2,2,2,0,0,0,0,0,
C:\__PR00F__\___developing___\projects\PRooFPS-dd\PRooFPS-dd\Player.cpp,proofps_dd::Player::doDamage(int dmg),6,6,4,1,0,0,0,0,
C:\__PR00F__\___developing___\projects\PRooFPS-dd\PRooFPS-dd\Player.cpp,proofps_dd::Player::getImpactForce(),2,2,2,1,0,0,0,0,
C:\__PR00F__\___developing___\projects\PRooFPS-dd\PRooFPS-dd\Player.cpp,"proofps_dd::Player::die(bool bMe, bool bServer)",26,21,15,2,1,0,4,32,
C:\__PR00F__\___developing___\projects\PRooFPS-dd\PRooFPS-dd\Player.cpp,proofps_dd::Player::getTimeDied() const,2,2,2,1,0,0,0,0,
C:\__PR00F__\___developing___\projects\PRooFPS-dd\PRooFPS-dd\Player.cpp,proofps_dd::Player::getDeaths(),3,2,2,1,0,0,1,12,
C:\__PR00F__\___developing___\projects\PRooFPS-dd\PRooFPS-dd\Player.cpp,proofps_dd::Player::getDeaths() const,3,2,2,1,0,0,1,12,
C:\__PR00F__\___developing___\projects\PRooFPS-dd\PRooFPS-dd\Player.cpp,proofps_dd::Player::getRespawnFlag(),2,2,2,1,0,0,0,0,
C:\__PR00F__\___developing___\projects\PRooFPS-dd\PRooFPS-dd\Player.cpp,"proofps_dd::Player::respawn(bool , const Weapon& wpnDefaultAvailable, bool bServer)",23,20,14,3,3,0,0,0,
C:\__PR00F__\___developing___\projects\PRooFPS-dd\PRooFPS-dd\Player.cpp,proofps_dd::Player::getPos(),3,2,2,1,0,0,1,12,
C:\__PR00F__\___developing___\projects\PRooFPS-dd\PRooFPS-dd\Player.cpp,proofps_dd::Player::getPos() const,3,2,2,1,0,0,1,12,
C:\__PR00F__\___developing___\projects\PRooFPS-dd\PRooFPS-dd\Player.cpp,proofps_dd::Player::isJustCreatedAndExpectingStartPos() const,2,2,2,1,0,0,0,0,
C:\__PR00F__\___developing___\projects\PRooFPS-dd\PRooFPS-dd\Player.cpp,proofps_dd::Player::setJustCreatedAndExpectingStartPos(bool b),2,2,2,0,0,0,0,0,
C:\__PR00F__\___developing___\projects\PRooFPS-dd\PRooFPS-dd\Player.cpp,proofps_dd::Player::getAngleY(),3,2,2,1,0,0,1,12,
C:\__PR00F__\___developing___\projects\PRooFPS-dd\PRooFPS-dd\Player.cpp,proofps_dd::Player::getAngleY() const,3,2,2,1,0,0,1,12,
C:\__PR00F__\___developing___\projects\PRooFPS-dd\PRooFPS-dd\Player.cpp,proofps_dd::Player::getAngleZ(),3,2,2,1,0,0,1,12,
C:\__PR00F__\___developing___\projects\PRooFPS-dd\PRooFPS-dd\Player.cpp,proofps_dd::Player::getAngleZ() const,3,2,2,1,0,0,1,12,
C:\__PR00F__\___developing___\projects\PRooFPS-dd\PRooFPS-dd\Player.cpp,proofps_dd::Player::getWeaponAngle(),3,2,2,1,0,0,1,12,
C:\__PR00F__\___developing___\projects\PRooFPS-dd\PRooFPS-dd\Player.cpp,proofps_dd::Player::getObject3D() const,2,2,2,1,0,0,0,0,
C:\__PR00F__\___developing___\projects\PRooFPS-dd\PRooFPS-dd\Player.cpp,proofps_dd::Player::getGravity() const,2,2,2,1,0,0,0,0,
C:\__PR00F__\___developing___\projects\PRooFPS-dd\PRooFPS-dd\Player.cpp,proofps_dd::Player::setGravity(float value),6,6,4,1,0,0,0,0,
C:\__PR00F__\___developing___\projects\PRooFPS-dd\PRooFPS-dd\Player.cpp,proofps_dd::Player::isJumping() const,2,2,2,1,0,0,0,0,
C:\__PR00F__\___developing___\projects\PRooFPS-dd\PRooFPS-dd\Player.cpp,proofps_dd::Player::canFall() const,2,2,2,1,0,0,0,0,
C:\__PR00F__\___developing___\projects\PRooFPS-dd\PRooFPS-dd\Player.cpp,proofps_dd::Player::setCanFall(bool state),2,2,2,0,0,0,0,0,
C:\__PR00F__\___developing___\projects\PRooFPS-dd\PRooFPS-dd\Player.cpp,proofps_dd::Player::isInAir() const,2,2,2,1,0,0,0,0,
C:\__PR00F__\___developing___\projects\PRooFPS-dd\PRooFPS-dd\Player.cpp,proofps_dd::Player::getHasJustStartedFallingNaturallyInThisTick() const,2,2,2,1,0,0,0,0,
C:\__PR00F__\___developing___\projects\PRooFPS-dd\PRooFPS-dd\Player.cpp,proofps_dd::Player::setHasJustStartedFallingNaturallyInThisTick(bool val),8,8,6,1,0,0,0,0,
C:\__PR00F__\___developing___\projects\PRooFPS-dd\PRooFPS-dd\Player.cpp,proofps_dd::Player::getHasJustStartedFallingAfterJumpingStoppedInThisTick() const,2,2,2,1,0,0,0,0,
C:\__PR00F__\___developing___\projects\PRooFPS-dd\PRooFPS-dd\Player.cpp,proofps_dd::Player::setHasJustStartedFallingAfterJumpingStoppedInThisTick(bool val),8,8,6,1,0,0,0,0,
C:\__PR00F__\___developing___\projects\PRooFPS-dd\PRooFPS-dd\Player.cpp,proofps_dd::Player::isFalling() const,2,2,2,1,0,0,0,0,
C:\__PR00F__\___developing___\projects\PRooFPS-dd\PRooFPS-dd\Player.cpp,proofps_dd::Player::getTimeStartedFalling() const,2,2,2,1,0,0,0,0,
C:\__PR00F__\___developing___\projects\PRooFPS-dd\PRooFPS-dd\Player.cpp,proofps_dd::Player::getHeightStartedFalling() const,2,2,2,1,0,0,0,0,
C:\__PR00F__\___developing___\projects\PRooFPS-dd\PRooFPS-dd\Player.cpp,proofps_dd::Player::getHasJustStoppedJumpingInThisTick(),2,2,2,1,0,0,0,0,
C:\__PR00F__\___developing___\projects\PRooFPS-dd\PRooFPS-dd\Player.cpp,proofps_dd::Player::jumpAllowed() const,2,2,2,1,0,0,0,0,
C:\__PR00F__\___developing___\projects\PRooFPS-dd\PRooFPS-dd\Player.cpp,proofps_dd::Player::setJumpAllowed(bool b),2,2,2,0,0,0,0,0,
C:\__PR00F__\___developing___\projects\PRooFPS-dd\PRooFPS-dd\Player.cpp,proofps_dd::Player::jump(),23,12,10,1,4,0,7,47,
C:\__PR00F__\___developing___\projects\PRooFPS-dd\PRooFPS-dd\Player.cpp,proofps_dd::Player::stopJumping(),2,2,2,0,0,0,0,0,
C:\__PR00F__\___developing___\projects\PRooFPS-dd\PRooFPS-dd\Player.cpp,proofps_dd::Player::getWillJumpInNextTick() const,2,2,2,1,0,0,0,0,
C:\__PR00F__\___developing___\projects\PRooFPS-dd\PRooFPS-dd\Player.cpp,proofps_dd::Player::setWillJumpInNextTick(bool flag),8,7,5,1,1,0,0,0,
C:\__PR00F__\___developing___\projects\PRooFPS-dd\PRooFPS-dd\Player.cpp,proofps_dd::Player::getTimeLastSetWillJump() const,2,2,2,1,0,0,0,0,
C:\__PR00F__\___developing___\projects\PRooFPS-dd\PRooFPS-dd\Player.cpp,proofps_dd::Player::getJumpForce(),2,2,2,1,0,0,0,0,
C:\__PR00F__\___developing___\projects\PRooFPS-dd\PRooFPS-dd\Player.cpp,proofps_dd::Player::getCrouchInput(),3,2,2,1,0,0,1,12,
C:\__PR00F__\___developing___\projects\PRooFPS-dd\PRooFPS-dd\Player.cpp,proofps_dd::Player::getCrouchStateCurrent(),2,2,2,1,0,0,0,0,
C:\__PR00F__\___developing___\projects\PRooFPS-dd\PRooFPS-dd\Player.cpp,proofps_dd::Player::isJumpingInitiatedFromCrouching() const,2,2,2,1,0,0,0,0,
C:\__PR00F__\___developing___\projects\PRooFPS-dd\PRooFPS-dd\Player.cpp,proofps_dd::Player::getWantToStandup(),2,2,2,1,0,0,0,0,
C:\__PR00F__\___developing___\projects\PRooFPS-dd\PRooFPS-dd\Player.cpp,proofps_dd::Player::getProposedNewPosYforStandup() const,7,6,4,1,1,1,0,7,
C:\__PR00F__\___developing___\projects\PRooFPS-dd\PRooFPS-dd\Player.cpp,proofps_dd::Player::doCrouchServer(),26,15,11,2,2,1,9,154,
C:\__PR00F__\___developing___\projects\PRooFPS-dd\PRooFPS-dd\Player.cpp,proofps_dd::Player::doCrouchShared(),7,4,4,0,0,1,3,50,
C:\__PR00F__\___developing___\projects\PRooFPS-dd\PRooFPS-dd\Player.cpp,proofps_dd::Player::doStandupServer(),19,10,5,0,1,0,8,137,
C:\__PR00F__\___developing___\projects\PRooFPS-dd\PRooFPS-dd\Player.cpp,proofps_dd::Player::doStandupShared(),7,4,4,0,0,1,3,50,
C:\__PR00F__\___developing___\projects\PRooFPS-dd\PRooFPS-dd\Player.cpp,proofps_dd::Player::getWillSomersaultInNextTick() const,2,2,2,1,0,0,0,0,
C:\__PR00F__\___developing___\projects\PRooFPS-dd\PRooFPS-dd\Player.cpp,proofps_dd::Player::setWillSomersaultInNextTick(bool flag),2,2,2,0,0,0,0,0,
C:\__PR00F__\___developing___\projects\PRooFPS-dd\PRooFPS-dd\Player.cpp,proofps_dd::Player::startSomersaultServer(bool bJumpInduced),81,68,34,16,5,3,8,93,
C:\__PR00F__\___developing___\projects\PRooFPS-dd\PRooFPS-dd\Player.cpp,proofps_dd::Player::setSomersaultClient(float angleZ),2,2,2,0,0,0,0,0,
C:\__PR00F__\___developing___\projects\PRooFPS-dd\PRooFPS-dd\Player.cpp,proofps_dd::Player::isSomersaulting() const,2,2,2,1,0,0,0,0,
C:\__PR00F__\___developing___\projects\PRooFPS-dd\PRooFPS-dd\Player.cpp,proofps_dd::Player::getSomersaultAngle() const,2,2,2,1,0,0,0,0,
C:\__PR00F__\___developing___\projects\PRooFPS-dd\PRooFPS-dd\Player.cpp,proofps_dd::Player::stepSomersaultAngleServer(float angle),29,25,15,4,3,0,1,13,
C:\__PR00F__\___developing___\projects\PRooFPS-dd\PRooFPS-dd\Player.cpp,proofps_dd::Player::resetSomersaultServer(),3,3,3,0,0,0,0,0,
C:\__PR00F__\___developing___\projects\PRooFPS-dd\PRooFPS-dd\Player.cpp,proofps_dd::Player::isRunning() const,2,2,2,1,0,0,0,0,
C:\__PR00F__\___developing___\projects\PRooFPS-dd\PRooFPS-dd\Player.cpp,proofps_dd::Player::setRun(bool state),3,3,3,0,0,0,0,0,
C:\__PR00F__\___developing___\projects\PRooFPS-dd\PRooFPS-dd\Player.cpp,proofps_dd::Player::getTimeLastToggleRun() const,2,2,2,1,0,0,0,0,
C:\__PR00F__\___developing___\projects\PRooFPS-dd\PRooFPS-dd\Player.cpp,proofps_dd::Player::getStrafe() const,2,2,2,1,0,0,0,0,
C:\__PR00F__\___developing___\projects\PRooFPS-dd\PRooFPS-dd\Player.cpp,proofps_dd::Player::setStrafe(const proofps_dd::Strafe& strafe),10,10,6,2,0,0,0,0,
C:\__PR00F__\___developing___\projects\PRooFPS-dd\PRooFPS-dd\Player.cpp,proofps_dd::Player::getPreviousActualStrafe() const,2,2,2,1,0,0,0,0,
C:\__PR00F__\___developing___\projects\PRooFPS-dd\PRooFPS-dd\Player.cpp,proofps_dd::Player::getTimeLastActualStrafe() const,2,2,2,1,0,0,0,0,
C:\__PR00F__\___developing___\projects\PRooFPS-dd\PRooFPS-dd\Player.cpp,proofps_dd::Player::getAttack(),2,2,2,1,0,0,0,0,
C:\__PR00F__\___developing___\projects\PRooFPS-dd\PRooFPS-dd\Player.cpp,proofps_dd::Player::attack(),13,11,7,5,2,0,0,0,
C:\__PR00F__\___developing___\projects\PRooFPS-dd\PRooFPS-dd\Player.cpp,proofps_dd::Player::getFrags(),3,2,2,1,0,0,1,12,
C:\__PR00F__\___developing___\projects\PRooFPS-dd\PRooFPS-dd\Player.cpp,proofps_dd::Player::getFrags() const,3,2,2,1,0,0,1,12,
C:\__PR00F__\___developing___\projects\PRooFPS-dd\PRooFPS-dd\Player.cpp,proofps_dd::Player::canTakeItem(const MapItem& item) const,30,30,16,8,0,0,0,0,
C:\__PR00F__\___developing___\projects\PRooFPS-dd\PRooFPS-dd\Player.cpp,"proofps_dd::Player::takeItem(MapItem& item, pge_network::PgePacket& pktWpnUpdate)",60,48,23,6,1,3,11,101,
C:\__PR00F__\___developing___\projects\PRooFPS-dd\PRooFPS-dd\Player.cpp,proofps_dd::Player::BuildPlayerObject(bool blend),20,17,13,2,3,0,0,0,
C:\__PR00F__\___developing___\projects\PRooFPS-dd\PRooFPS-dd\Player.cpp,proofps_dd::Player::getHealth(),3,2,2,1,0,0,1,12,
C:\__PR00F__\___developing___\projects\PRooFPS-dd\PRooFPS-dd\PlayerHandling.cpp,proofps_dd::PlayerHandling::getLoggerModuleName(),2,2,2,1,0,0,0,0,
C:\__PR00F__\___developing___\projects\PRooFPS-dd\PRooFPS-dd\PlayerHandling.cpp,"proofps_dd::PlayerHandling::PlayerHandling( PGE& pge, proofps_dd::Durations& durations, proofps_dd::GUI& gui, std::map<pge_network::PgeNetworkConnectionHandle, proofps_dd::Player>& mapPlayers, proofps_dd::Maps& maps, proofps_dd::Sounds& sounds)",9,2,2,0,1,0,6,90,
C:\__PR00F__\___developing___\projects\PRooFPS-dd\PRooFPS-dd\PlayerHandling.cpp,proofps_dd::PlayerHandling::getConsole() const,2,2,2,1,0,0,0,0,
C:\__PR00F__\___developing___\projects\PRooFPS-dd\PRooFPS-dd\PlayerHandling.cpp,"proofps_dd::PlayerHandling::handlePlayerDied( Player& player, XHair& xhair, const pge_network::PgeNetworkConnectionHandle& nKillerConnHandleServerSide, proofps_dd::GameMode& )",47,33,20,5,4,0,10,140,
C:\__PR00F__\___developing___\projects\PRooFPS-dd\PRooFPS-dd\PlayerHandling.cpp,"proofps_dd::PlayerHandling::handlePlayerRespawned( Player& player, XHair& xhair)",21,18,15,1,2,3,1,59,
C:\__PR00F__\___developing___\projects\PRooFPS-dd\PRooFPS-dd\PlayerHandling.cpp,"proofps_dd::PlayerHandling::serverRespawnPlayer(Player& player, bool restartGame, const proofps_dd::Config& config)",11,10,8,1,0,0,1,18,
C:\__PR00F__\___developing___\projects\PRooFPS-dd\PRooFPS-dd\PlayerHandling.cpp,"proofps_dd::PlayerHandling::serverUpdateRespawnTimers( const proofps_dd::Config& config, proofps_dd::GameMode& gameMode, proofps_dd::Durations& durations)",27,22,13,4,5,0,0,0,
C:\__PR00F__\___developing___\projects\PRooFPS-dd\PRooFPS-dd\PlayerHandling.cpp,proofps_dd::PlayerHandling::updatePlayersOldValues(),10,6,4,1,0,0,4,50,
C:\__PR00F__\___developing___\projects\PRooFPS-dd\PRooFPS-dd\PlayerHandling.cpp,proofps_dd::PlayerHandling::writePlayerList(),8,8,5,1,0,0,0,0,
C:\__PR00F__\___developing___\projects\PRooFPS-dd\PRooFPS-dd\PlayerHandling.cpp,"proofps_dd::PlayerHandling::handleUserConnected( pge_network::PgeNetworkConnectionHandle connHandleServerSide, const pge_network::MsgUserConnectedServerSelf& msg, PGEcfgProfiles& cfgProfiles, proofps_dd::Config& , proofps_dd::GameMode& , std::function<void(int)>& cbDisplayMapLoadingProgressUpdate)",120,99,59,19,12,1,9,106,
C:\__PR00F__\___developing___\projects\PRooFPS-dd\PRooFPS-dd\PlayerHandling.cpp,"proofps_dd::PlayerHandling::handleUserDisconnected( pge_network::PgeNetworkConnectionHandle connHandleServerSide, const pge_network::MsgUserDisconnectedFromServer&, proofps_dd::GameMode& gameMode)",51,33,21,5,5,1,13,191,
C:\__PR00F__\___developing___\projects\PRooFPS-dd\PRooFPS-dd\PlayerHandling.cpp,"proofps_dd::PlayerHandling::handleUserNameChange( pge_network::PgeNetworkConnectionHandle connHandleServerSide, const proofps_dd::MsgUserNameChangeAndBootupDone& msg, proofps_dd::Config& config, proofps_dd::GameMode& gameMode, PGEcfgProfiles& cfgProfiles)",196,133,71,24,20,2,43,484,
C:\__PR00F__\___developing___\projects\PRooFPS-dd\PRooFPS-dd\PlayerHandling.cpp,proofps_dd::PlayerHandling::resetSendClientUpdatesCounter(proofps_dd::Config& config),4,3,3,0,0,0,1,9,
C:\__PR00F__\___developing___\projects\PRooFPS-dd\PRooFPS-dd\PlayerHandling.cpp,"proofps_dd::PlayerHandling::serverSendUserUpdates( PGEcfgProfiles& cfgProfiles, proofps_dd::Config& config, proofps_dd::Durations& durations, proofps_dd::GameMode& gameMode)",102,84,38,8,10,3,8,99,
C:\__PR00F__\___developing___\projects\PRooFPS-dd\PRooFPS-dd\PlayerHandling.cpp,"proofps_dd::PlayerHandling::handleUserUpdateFromServer( pge_network::PgeNetworkConnectionHandle connHandleServerSide, const proofps_dd::MsgUserUpdateFromServer& msg, XHair& xhair, const proofps_dd::Config& , proofps_dd::GameMode& gameMode)",126,80,48,14,16,4,30,447,
C:\__PR00F__\___developing___\projects\PRooFPS-dd\PRooFPS-dd\PlayerHandling.cpp,"proofps_dd::PlayerHandling::handleDeathNotificationFromServer(pge_network::PgeNetworkConnectionHandle nDeadConnHandleServerSide, const proofps_dd::MsgDeathNotificationFromServer& msg)",47,36,23,8,6,2,5,112,
C:\__PR00F__\___developing___\projects\PRooFPS-dd\PRooFPS-dd\PlayerHandling.cpp,"proofps_dd::PlayerHandling::updatePlayersVisuals( const proofps_dd::Config& config, proofps_dd::GameMode& gameMode)",40,28,11,4,3,1,9,173,
C:\__PR00F__\___developing___\projects\PRooFPS-dd\PRooFPS-dd\PRooFPS-dd-PGE.cpp,proofps_dd::PRooFPSddPGE::createAndGetPRooFPSddPGEinstance(),3,3,3,1,0,0,0,0,
C:\__PR00F__\___developing___\projects\PRooFPS-dd\PRooFPS-dd\PRooFPS-dd-PGE.cpp,proofps_dd::PRooFPSddPGE::getConsole() const,2,2,2,1,0,0,0,0,
C:\__PR00F__\___developing___\projects\PRooFPS-dd\PRooFPS-dd\PRooFPS-dd-PGE.cpp,proofps_dd::PRooFPSddPGE::getLoggerModuleName(),2,2,2,1,0,0,0,0,
C:\__PR00F__\___developing___\projects\PRooFPS-dd\PRooFPS-dd\PRooFPS-dd-PGE.cpp,proofps_dd::PRooFPSddPGE::PRooFPSddPGE(const char* gameTitle),1,1,1,0,0,0,0,0,
C:\__PR00F__\___developing___\projects\PRooFPS-dd\PRooFPS-dd\PRooFPS-dd-PGE.cpp,proofps_dd::PRooFPSddPGE::~PRooFPSddPGE(),2,1,1,0,1,0,0,0,
C:\__PR00F__\___developing___\projects\PRooFPS-dd\PRooFPS-dd\PRooFPS-dd-PGE.cpp,proofps_dd::PRooFPSddPGE::onGameInitializing(),31,19,19,1,6,0,6,46,
C:\__PR00F__\___developing___\projects\PRooFPS-dd\PRooFPS-dd\PRooFPS-dd-PGE.cpp,proofps_dd::PRooFPSddPGE::onGameInitialized(),110,83,59,13,21,0,6,89,
C:\__PR00F__\___developing___\projects\PRooFPS-dd\PRooFPS-dd\PRooFPS-dd-PGE.cpp,proofps_dd::PRooFPSddPGE::onGameFrameBegin(),16,16,8,3,0,1,0,12,
C:\__PR00F__\___developing___\projects\PRooFPS-dd\PRooFPS-dd\PRooFPS-dd-PGE.cpp,proofps_dd::PRooFPSddPGE::onGameRunning(),112,72,41,10,13,4,27,311,
C:\__PR00F__\___developing___\projects\PRooFPS-dd\PRooFPS-dd\PRooFPS-dd-PGE.cpp,proofps_dd::PRooFPSddPGE::onPacketReceived(const pge_network::PgePacket& pkt),143,116,51,20,7,1,20,98,
C:\__PR00F__\___developing___\projects\PRooFPS-dd\PRooFPS-dd\PRooFPS-dd-PGE.cpp,proofps_dd::PRooFPSddPGE::onGameDestroying(),22,14,14,0,4,2,4,27,
C:\__PR00F__\___developing___\projects\PRooFPS-dd\PRooFPS-dd\PRooFPS-dd-PGE.cpp,proofps_dd::PRooFPSddPGE::showLoadingScreen(int nProgress),2,2,2,0,0,0,0,0,
C:\__PR00F__\___developing___\projects\PRooFPS-dd\PRooFPS-dd\PRooFPS-dd-PGE.cpp,proofps_dd::PRooFPSddPGE::hideLoadingScreen(),3,3,3,0,0,0,0,0,
C:\__PR00F__\___developing___\projects\PRooFPS-dd\PRooFPS-dd\PRooFPS-dd-PGE.cpp,proofps_dd::PRooFPSddPGE::hasValidConnection() const,11,3,3,1,0,0,8,137,
C:\__PR00F__\___developing___\projects\PRooFPS-dd\PRooFPS-dd\PRooFPS-dd-PGE.cpp,proofps_dd::PRooFPSddPGE::connect(),34,31,21,5,3,0,0,0,
C:\__PR00F__\___developing___\projects\PRooFPS-dd\PRooFPS-dd\PRooFPS-dd-PGE.cpp,"proofps_dd::PRooFPSddPGE::disconnect(bool bExitFromGameSession, const std::string& sExtraDebugText)",47,32,23,3,5,3,10,184,
C:\__PR00F__\___developing___\projects\PRooFPS-dd\PRooFPS-dd\PRooFPS-dd-PGE.cpp,proofps_dd::PRooFPSddPGE::mainLoopConnectedServerOnlyOneTick( const long long& ),34,21,17,2,0,1,13,180,
C:\__PR00F__\___developing___\projects\PRooFPS-dd\PRooFPS-dd\PRooFPS-dd-PGE.cpp,proofps_dd::PRooFPSddPGE::mainLoopConnectedClientOnlyOneTick( const long long& ),11,7,5,1,0,0,4,26,
C:\__PR00F__\___developing___\projects\PRooFPS-dd\PRooFPS-dd\PRooFPS-dd-PGE.cpp,proofps_dd::PRooFPSddPGE::mainLoopConnectedShared(PureWindow& window),32,27,15,2,3,3,2,53,
C:\__PR00F__\___developing___\projects\PRooFPS-dd\PRooFPS-dd\PRooFPS-dd-PGE.cpp,proofps_dd::PRooFPSddPGE::mainLoopDisconnectedShared(PureWindow& window),9,9,5,2,0,1,0,3,
C:\__PR00F__\___developing___\projects\PRooFPS-dd\PRooFPS-dd\PRooFPS-dd-PGE.cpp,proofps_dd::PRooFPSddPGE::updateFramesPerSecond(PureWindow& window),45,39,21,4,3,2,3,49,
C:\__PR00F__\___developing___\projects\PRooFPS-dd\PRooFPS-dd\PRooFPS-dd-PGE.cpp,proofps_dd::PRooFPSddPGE::serverRestartGame(),44,36,20,5,6,1,2,16,
C:\__PR00F__\___developing___\projects\PRooFPS-dd\PRooFPS-dd\PRooFPS-dd-PGE.cpp,proofps_dd::PRooFPSddPGE::updateVisualsForGameMode(),26,22,14,4,3,0,1,22,
C:\__PR00F__\___developing___\projects\PRooFPS-dd\PRooFPS-dd\PRooFPS-dd-PGE.cpp,proofps_dd::PRooFPSddPGE::serverPickupAndRespawnItems(),90,74,40,14,10,6,6,132,
C:\__PR00F__\___developing___\projects\PRooFPS-dd\PRooFPS-dd\PRooFPS-dd-PGE.cpp,proofps_dd::PRooFPSddPGE::clientHandleGameSessionStateFromServer(const proofps_dd::MsgGameSessionStateFromServer& msg),22,14,10,4,4,0,4,50,
C:\__PR00F__\___developing___\projects\PRooFPS-dd\PRooFPS-dd\PRooFPS-dd-PGE.cpp,"proofps_dd::PRooFPSddPGE::handleUserSetupFromServer(pge_network::PgeNetworkConnectionHandle connHandleServerSide, const proofps_dd::MsgUserSetupFromServer& msg)",306,234,120,43,26,6,46,658,
C:\__PR00F__\___developing___\projects\PRooFPS-dd\PRooFPS-dd\PRooFPS-dd-PGE.cpp,"proofps_dd::PRooFPSddPGE::handleMapChangeFromServer(pge_network::PgeNetworkConnectionHandle , const proofps_dd::MsgMapChangeFromServer& msg)",59,19,18,3,8,1,32,549,
C:\__PR00F__\___developing___\projects\PRooFPS-dd\PRooFPS-dd\PRooFPS-dd.cpp,"WinMain(const _In_ HINSTANCE , const _In_opt_ HINSTANCE , const _In_ LPSTR lpCmdLine, const _In_ int )",48,39,23,5,6,10,3,50,
C:\__PR00F__\___developing___\projects\PRooFPS-dd\PRooFPS-dd\PRooFPS-dd.cpp,g3tVersion(),2,2,2,1,0,0,0,0,
C:\__PR00F__\___developing___\projects\PRooFPS-dd\PRooFPS-dd\SharedWithTest.cpp,"generateTestDumpFilename( bool bServer, unsigned long nPid, unsigned int nTickRate, unsigned int nClUpdateRate, unsigned int nPhysicsRateMin)",32,27,19,9,5,0,0,0,
C:\__PR00F__\___developing___\projects\PRooFPS-dd\PRooFPS-dd\Sounds.cpp,proofps_dd::Sounds::getLoggerModuleName(),2,2,2,1,0,0,0,0,
C:\__PR00F__\___developing___\projects\PRooFPS-dd\PRooFPS-dd\Sounds.cpp,proofps_dd::Sounds::getConsole() const,2,2,2,1,0,0,0,0,
C:\__PR00F__\___developing___\projects\PRooFPS-dd\PRooFPS-dd\Sounds.cpp,proofps_dd::Sounds::Sounds(),1,1,1,0,0,0,0,0,
C:\__PR00F__\___developing___\projects\PRooFPS-dd\PRooFPS-dd\Strafe.cpp,"operator<<(std::ostream& os, const proofps_dd::Strafe& obj)",3,3,3,1,0,0,0,0,
C:\__PR00F__\___developing___\projects\PRooFPS-dd\PRooFPS-dd\WeaponHandling.cpp,proofps_dd::WeaponHandling::getConsole() const,2,2,2,1,0,0,0,0,
C:\__PR00F__\___developing___\projects\PRooFPS-dd\PRooFPS-dd\WeaponHandling.cpp,proofps_dd::WeaponHandling::getLoggerModuleName(),2,2,2,1,0,0,0,0,
C:\__PR00F__\___developing___\projects\PRooFPS-dd\PRooFPS-dd\WeaponHandling.cpp,proofps_dd::WeaponHandling::isBulletOutOfMapBounds(const Bullet& bullet) const,12,10,4,1,1,1,1,30,
C:\__PR00F__\___developing___\projects\PRooFPS-dd\PRooFPS-dd\WeaponHandling.cpp,"proofps_dd::WeaponHandling::serverUpdateBullets(proofps_dd::GameMode& gameMode, XHair& xhair, const unsigned int& nPhysicsRate, PureVector& vecCamShakeForce)",231,179,78,24,18,4,34,471,
C:\__PR00F__\___developing___\projects\PRooFPS-dd\PRooFPS-dd\WeaponHandling.cpp,proofps_dd::WeaponHandling::clientUpdateBullets(const unsigned int& nPhysicsRate),22,9,7,1,2,0,11,232,
C:\__PR00F__\___developing___\projects\PRooFPS-dd\PRooFPS-dd\WeaponHandling.cpp,"proofps_dd::WeaponHandling::serverUpdateExplosions(proofps_dd::GameMode& gameMode, const unsigned int& nPhysicsRate)",24,20,12,3,3,0,1,22,
C:\__PR00F__\___developing___\projects\PRooFPS-dd\PRooFPS-dd\WeaponHandling.cpp,"proofps_dd::WeaponHandling::clientUpdateExplosions(proofps_dd::GameMode& gameMode, const unsigned int& nPhysicsRate)",5,2,2,0,1,0,2,27,
C:\__PR00F__\___developing___\projects\PRooFPS-dd\PRooFPS-dd\WeaponHandling.cpp,proofps_dd::WeaponHandling::initializeWeaponHandling(),10,8,8,1,1,0,1,7,
C:\__PR00F__\___developing___\projects\PRooFPS-dd\PRooFPS-dd\WeaponHandling.cpp,"proofps_dd::WeaponHandling::getDamageAndImpactForceAtDistance( const Player& player, const Explosion& xpl, const TPureFloat& fDamageAreaPulse, const int& nDamageHp, PureVector& vecImpactForce)",24,17,11,2,3,0,4,61,
C:\__PR00F__\___developing___\projects\PRooFPS-dd\PRooFPS-dd\WeaponHandling.cpp,"proofps_dd::WeaponHandling::createExplosionServer( const pge_network::PgeNetworkConnectionHandle& connHandle, const PureVector& pos, const TPureFloat& fDamageAreaSize, const TPureFloat& fDamageAreaPulse, const int& nDamageHp, XHair& xhair, PureVector& vecCamShakeForce, proofps_dd::GameMode& gameMode)",84,59,32,9,10,0,15,145,
C:\__PR00F__\___developing___\projects\PRooFPS-dd\PRooFPS-dd\WeaponHandling.cpp,"proofps_dd::WeaponHandling::createExplosionClient( const proofps_dd::Explosion::ExplosionId& id , const pge_network::PgeNetworkConnectionHandle& connHandle, const PureVector& pos, const int& nDamageHp, const TPureFloat& fDamageAreaSize, const TPureFloat& fDamageAreaPulse, PureVector& vecCamShakeForce)",39,30,16,5,6,1,3,36,
C:\__PR00F__\___developing___\projects\PRooFPS-dd\PRooFPS-dd\WeaponHandling.cpp,proofps_dd::WeaponHandling::deleteWeaponHandlingAll(),7,6,6,0,1,0,0,0,
C:\__PR00F__\___developing___\projects\PRooFPS-dd\PRooFPS-dd\WeaponHandling.cpp,proofps_dd::WeaponHandling::serverUpdateWeapons(proofps_dd::GameMode& gameMode),108,85,43,13,9,3,14,237,
C:\__PR00F__\___developing___\projects\PRooFPS-dd\PRooFPS-dd\WeaponHandling.cpp,"proofps_dd::WeaponHandling::handleBulletUpdateFromServer( pge_network::PgeNetworkConnectionHandle connHandleServerSide, const proofps_dd::MsgBulletUpdateFromServer& msg, PureVector& vecCamShakeForce)",110,80,39,17,10,2,20,337,
C:\__PR00F__\___developing___\projects\PRooFPS-dd\PRooFPS-dd\WeaponHandling.cpp,"proofps_dd::WeaponHandling::handleWpnUpdateFromServer( pge_network::PgeNetworkConnectionHandle , const proofps_dd::MsgWpnUpdateFromServer& msg)",41,32,20,8,6,0,3,23,
C:\__PR00F__\___developing___\projects\PRooFPS-dd\PRooFPS-dd\WeaponHandling.cpp,"proofps_dd::WeaponHandling::handleWpnUpdateCurrentFromServer(pge_network::PgeNetworkConnectionHandle connHandleServerSide, const proofps_dd::MsgCurrentWpnUpdateFromServer& msg)",61,50,29,12,8,1,3,54,
C:\__PR00F__\___developing___\projects\PRooFPS-dd\PRooFPS-dd\WeaponHandling.cpp,"proofps_dd::WeaponHandling::handleWeaponStateChangeShared(const Weapon::State& oldState, const Weapon::State& newState)",30,27,13,9,1,0,2,21,
C:\__PR00F__\___developing___\projects\PRooFPS-dd\PRooFPS-dd\WeaponHandling.cpp,"proofps_dd::WeaponHandling::handleWeaponBulletCountsChangeShared( const TPureUInt& nOldMagCount, const TPureUInt& nNewMagCount, const TPureUInt& , const TPureUInt& )",11,9,5,1,1,0,1,20,
C:\__PR00F__\___developing___\projects\PRooFPS-dd\PRooFPS-dd\XHair.cpp,proofps_dd::XHair::getLoggerModuleName(),2,2,2,1,0,0,0,0,
C:\__PR00F__\___developing___\projects\PRooFPS-dd\PRooFPS-dd\XHair.cpp,proofps_dd::XHair::getConsole() const,2,2,2,1,0,0,0,0,
C:\__PR00F__\___developing___\projects\PRooFPS-dd\PRooFPS-dd\XHair.cpp,proofps_dd::XHair::XHair(PGE& pge),19,15,12,1,2,1,2,40,
C:\__PR00F__\___developing___\projects\PRooFPS-dd\PRooFPS-dd\XHair.cpp,proofps_dd::XHair::~XHair(),9,9,5,2,0,0,0,0,
C:\__PR00F__\___developing___\projects\PRooFPS-dd\PRooFPS-dd\XHair.cpp,proofps_dd::XHair::getObject3D(),3,3,3,1,0,1,0,6,
C:\__PR00F__\___developing___\projects\PRooFPS-dd\PRooFPS-dd\XHair.cpp,proofps_dd::XHair::show(),4,4,4,0,0,1,0,6,
C:\__PR00F__\___developing___\projects\PRooFPS-dd\PRooFPS-dd\XHair.cpp,proofps_dd::XHair::showInCenter(),15,9,7,0,3,2,3,79,
C:\__PR00F__\___developing___\projects\PRooFPS-dd\PRooFPS-dd\XHair.cpp,proofps_dd::XHair::hide(),5,5,5,0,0,1,0,6,
C:\__PR00F__\___developing___\projects\PRooFPS-dd\PRooFPS-dd\XHair.cpp,proofps_dd::XHair::visible() const,2,2,2,1,0,0,0,0,
C:\__PR00F__\___developing___\projects\PRooFPS-dd\PRooFPS-dd\XHair.cpp,proofps_dd::XHair::updateUnprojectedCoords(PureCamera& cam),54,12,4,1,2,0,40,471,
C:\__PR00F__\___developing___\projects\PRooFPS-dd\PRooFPS-dd\XHair.cpp,proofps_dd::XHair::getUnprojectedCoords() const,2,2,2,1,0,0,0,0,
C:\__PR00F__\___developing___\projects\PRooFPS-dd\PRooFPS-dd\XHair.cpp,proofps_dd::XHair::showIdText(const std::string& sText),2,2,2,0,0,0,0,0,
C:\__PR00F__\___developing___\projects\PRooFPS-dd\PRooFPS-dd\XHair.cpp,proofps_dd::XHair::hideIdText(),2,2,2,0,0,0,0,0,
C:\__PR00F__\___developing___\projects\PRooFPS-dd\PRooFPS-dd\XHair.cpp,proofps_dd::XHair::getIdText() const,2,2,2,1,0,0,0,0,
C:\__PR00F__\___developing___\projects\PRooFPS-dd\PRooFPS-dd\XHair.cpp,proofps_dd::XHair::startBlinking(),5,3,3,0,0,1,2,46,
C:\__PR00F__\___developing___\projects\PRooFPS-dd\PRooFPS-dd\XHair.cpp,proofps_dd::XHair::stopBlinking(),5,3,3,0,0,1,2,43,
C:\__PR00F__\___developing___\projects\PRooFPS-dd\PRooFPS-dd\XHair.cpp,proofps_dd::XHair::handleMagEmpty(),2,2,2,0,0,0,0,0,
C:\__PR00F__\___developing___\projects\PRooFPS-dd\PRooFPS-dd\XHair.cpp,proofps_dd::XHair::handleMagLoaded(),2,2,2,0,0,0,0,0,
C:\__PR00F__\___developing___\projects\PRooFPS-dd\PRooFPS-dd\XHair.cpp,proofps_dd::XHair::updateVisuals(),15,13,8,2,1,0,1,6,
C:\__PR00F__\___developing___\projects\PRooFPS-dd\PRooFPS-dd\PRooFPS-dd-packet.h,MapMsgAppId2String.size(),60,46,30,3,12,1,2,43,
C:\__PR00F__\___developing___\projects\PRooFPS-dd\PRooFPS-dd\Tests\InputSim.cpp,"input_sim_test::keybdPress(BYTE bVk, unsigned long nSleepMillisecs)",4,4,4,0,0,0,0,0,
C:\__PR00F__\___developing___\projects\PRooFPS-dd\PRooFPS-dd\Tests\InputSim.cpp,input_sim_test::keybdPressNoRelease(BYTE bVk),2,2,2,0,0,0,0,0,
C:\__PR00F__\___developing___\projects\PRooFPS-dd\PRooFPS-dd\Tests\InputSim.cpp,input_sim_test::keybdRelease(BYTE bVk),2,2,2,0,0,0,0,0,
C:\__PR00F__\___developing___\projects\PRooFPS-dd\PRooFPS-dd\Tests\InputSim.cpp,input_sim_test::mouseClick(unsigned long nSleepMillisecs),4,4,4,0,0,0,0,0,
C:\__PR00F__\___developing___\projects\PRooFPS-dd\PRooFPS-dd\Tests\InputSim.cpp,input_sim_test::mouseScroll(bool bForward),3,2,2,0,0,0,1,14,
C:\__PR00F__\___developing___\projects\PRooFPS-dd\PRooFPS-dd\Tests\InputSim.cpp,"input_sim_test::mouseMoveRelative(DWORD dx, DWORD dy)",23,2,2,0,2,0,19,212,
C:\__PR00F__\___developing___\projects\PRooFPS-dd\PRooFPS-dd\Tests\InputSim.cpp,noexcept(false),75,50,24,9,9,0,16,122,
C:\__PR00F__\___developing___\projects\PRooFPS-dd\PRooFPS-dd\Tests\PRooFPS-dd-Tests.cpp,getConsole(),2,2,2,1,0,0,0,0,
C:\__PR00F__\___developing___\projects\PRooFPS-dd\PRooFPS-dd\Tests\PRooFPS-dd-Tests.cpp,"WinMain(const _In_ HINSTANCE , const _In_opt_ HINSTANCE , const _In_ LPSTR , const _In_ int )",112,86,60,8,10,1,16,128,
